Term URI|Origin|Type|Cardinality|Comments|Label_en|Description_en|Example_en|Verified_en|Label_es|Description_es|Example_es|Verified_es|Label_ro|Description_ro|Example_ro|Verified_ro|Label_sl|Description_sl|Example_sl|Verified_sl|Label_pt|Description_pt|Example_pt|Verified_pt|Label_fr|Description_fr|Example_fr|Verified_fr
DomicileRegistrationEvidence|DE4A||||Domicile Registration evidence|Official document or data proving the registration of a domicile.||1|Prueba de Empadronamiento|Información del empadronamiento de una persona.||1||||||||||||||||0
DomicileRegistrationEvidence/Identifier||Identifier|0|It is the identifier from Core Vocabularies (Core Vocabulary Aggregated Components)|Identifier|An unambiguous reference to the Domicile Registration Evidence.||1|Identificador|Una referencia inequívoca a la prueba de registro de empadronamiento.||1||||||||||||||||0
DomicileRegistrationEvidence/IssueDate|udt:DateType|UDT/Date|10|It is the DateType from unqualified data types from UBL-2.3|Issue date|The most recent date on which the Domicile Registration Evidence instance was issued.||1|Fecha de emisión|Fecha más reciente en la que se emitió la prueba de empadronamiento.||1||||||||||||||||0
DomicileRegistrationEvidence/IssuingAuthority||PublicOrganisation|10||Issuing authority|A Public Organisation with official authority in charge of issuing the Domicile Registration Evidence.||1|Autoridad emisora|Organización pública con competencias para emitir legalmente la prueba de empadronamiento.||1||||||||||||||||0
DomicileRegistrationEvidence/IssuingPlace||LocationAddress|10||Issuing place|The Location where the Domicile Registration Evidence was issued.||1|Lugar de emisión|Ubicación donde se emitió la prueba de empadronamiento.||1||||||||||||||||0
DomicileRegistrationEvidence/IssuingPlace/AdminUnitL2|location:AdminUnitL2Type|LocationAddress/AdminUnitL2|10|||||1||||1||||||||||||||||0
DomicileRegistrationEvidence/IssuingPlace/AdminUnitL1|location:AdminUnitL1Type|LocationAddress/AdminUnitL1|10|||||1||||1||||||||||||||||0
DomicileRegistrationEvidence/CertifiesDomicileRegistration|||||Certifies domicile registration|Attesting in a formal way the domicile registration.||1|Certifica el empadronamiento|Certificación del registro de empadronamiento.||1||||||||||||||||
DomicileRegistrationEvidence/CertifiesDomicileRegistration/Inhabitant||Person|10||Inhabitant of the registered domicile|Person living in the residence or domicile||1|Persona empadronada|Datos de la persona que figura empadronada||1||||||||||||||||
DomicileRegistrationEvidence/CertifiesDomicileRegistration/Domicile||LocationAddress|10||Address of the registered domicile|Current domicilie inhabitated by the parson||1|Dirección de empadronamiento|Dirección de la vivienda en la que la persona se encuentra empadronada||1||||||||||||||||
LocationAddress|||||Address|||1|Dirección|||1|Abordare|||1|Naslov.|Starš otroka. Ena od obeh oseb ki so skupaj vzrok otrokovega rojstva tj. Naravni staršev.||1|Endereço|||1|Adresse|||0
LocationAddress/AdminUnitL2|cvb:AdminunitSecondlineType|UDT/Text|0||Region|The region of the address, usually a county, province or other such area that typically encompasses several localities.|Madrid|1|Región|La región de la dirección, generalmente una provincia o condado, estado u otro área de este tipo que generalmente abarca varias localidades.||1|Regiune|Locație teritorială, de obicei un județ, un stat sau o altă zonă similară care cuprinde mai multe localități.||1|Regija|Regija naslova ponavadi okrožje državo ali drugo takšno področje ki običajno obsega več krajev.||1|Região|A região do endereço, geralmente um distrito, concelho ou outra área que tipicamente abrange várias freguesias.||1|Région|La région de l'adresse, généralement un comté, un État ou un autre domaine de ce type qui englobe généralement plusieurs localités.||0
LocationAddress/AdminUnitL1||UDT/Text|||Country|The uppermost administrative unit for the address, almost always a country.|ES|1|País|La unidad administrativa superior para la dirección, casi siempre un país.||1|Țară|Unitate administrativă superioară, spre exemplu o țară.||1|Država|Najvišja upravna enota za naslov skoraj vedno državo.||1|País|A unidade administrativa superior para o endereço, quase sempre um país.||1|Pays|L'unité administrative la plus haute pour l'adresse, presque toujours un pays.||0
LocationAddress/PoBox|cvb:PoBoxType|UDT/Text|||PoBox|The Post Office Box number. INSPIRE's name for this is "postalDeliveryIdentifier" for which it uses the locator designator property with a type attribute of that name. This vocabulary separates out the Post Office Box for greater independence of technology.|28045|1|Apartado de correos|El número de un apartado de correos.||1|Casuta postala|Numărul cutiei poștale. Ghișeu sau compartiment special unde se repartizează și se păstrează, la poștă, scrisorile pe care le ridică personal adresantul.||1|Poštni predal|Številka poštnega predala. INSPIRE-jev naziv za to polje je"postalDeliveryIdentifier", za katerega se uporablja lokacijsko ime. Ta tezaver ločuje poštni predal za večjo neodvisnost od tehnologije.||1|Caixa postal|O número de um caixa postal||1|Boîte postale|Le numéro de la boîte postale. L'INSPIRE NAME POUR Ceci est "PostalDelIdentifier" pour lequel il utilise la propriété de localisateur concepteur avec un attribut de type de ce nom. Ce vocabulaire sépare la boîte de poste pour une plus grande indépendance de la technologie.||0
LocationAddress/Thoroughfare|cvb:ThoroughfareType|UDT/Text|||Thoroughface|Quoting from the INSPIRE guidelines, a thoroughfare is: "an address component that represents the name of a passage or way through from one location to another. A thoroughfare is not necessarily a road, it might be a waterway or some other feature.|2nd South Street|1|Vía pública|Citando las directrices de la directiva INSPIRE, una vía pública es: 'un componente de una dirección que representa el nombre de un pasaje o camino a través de un lugar a otro. Una vía no es necesariamente un camino, podría ser una vía fluvial o alguna otra característica.||1|Arteră/drum principal|Arteră/pasaj/drum care leagă două sau mai multe localități. O arteră nu este neapărat un drum, ar putea fi o cale navigabilă sau o altă caracteristică.||1|Prometna pot|Glede na smernice INSPIRE je prometna pot definirana kot komponenta naslova, ki predstavlja ime prehoda ali poti od ene lokacije na drugo. Prometna pot ni nujno cesta, vendar je lahko tudi povezava preko vodnih poti ali drugih možnosti.||1|Via pública|Citando as diretrizes INSPIRE, uma via é: 'Um componente de um endereço que representa o nome de uma passagem ou caminho de um local para outro. Uma via não é necessariamente uma estrada, pode ser uma hidrovia ou algum outro recurso.||1|Rétrécissement|Citation des lignes directrices INSPIRE, une voie de calcul est la suivante: «Un composant d'adresse qui représente le nom d'un passage ou d'une manière à travers un endroit à un autre. Une voie de circulation n'est pas nécessairement une route, elle pourrait être une voie navigable ou une autre caractéristique.||0
LocationAddress/LocatorDesignator|cvb:LocatorDesignatorType|UDT/Text|||Locator designator|The locator designator is defined by the INSPIRE guidelines as "a number or a sequence of characters that uniquely identifies the locator within the relevant scope(s). The full identification of the locator could include one or more locator designators." In simpler terms, this is the building number, apartment number, etc. For an address such as "Flat 3, 17 Bridge Street", the locator is "flat 3, 17."|18, "Flat 3", "Floor 6"|1|Número, piso, escalera, puerta|El designador del localizador está definido por las directrices INSPIRE como "un número o una secuencia de caracteres que identifican de forma única el localizador dentro del alcance (s) relevante (s). La identificación completa del localizador podría incluir uno o más designadores de localizador '. En términos más simples, este es el número de edificio, el número de apartamento, etc. para una dirección como 'Flat 3, 17 Bridge Street', el localizador es 'Flat 3, 17'.||1|Identificator adresă|Acesta este numărul clădirii, numărul apartamentului, etc. Pentru o adresă precum „Flat 3, 17 Bridge Street”, locatorul este „flat 3, 17”.||1|Oznaka lokatorja|Lokacijski opis je v okviru smernic INSPIRE definiran ko 'število ali zaporedje znakov, ki enolično določajo lokacijo znotraj relevantnih okvirov. Polna identifikacija lokacije lahko vključuje enega ali več lokacijskih opisov.' Poenostavljeno, to je lahko številka stavbe, stanovanja in podobno. Na primer, za naslov 'Stanovanje 13, Ulica na mostu 17,' je lokacijski opis 'Stanovanje 13, 17.'||1|Número, pisco, escada, porta|O designador de localizador é definido pelas diretrizes INSPIRE como "um número ou uma sequência de caracteres que identifica exclusivamente o localizador dentro do(s) âmbito(s) relevante(s). A identificação completa do localizador pode incluir um ou mais designadores de localizador". Em termos mais simples, este é o edifício número, número do apartamento, etc. Para um endereço como 'Flat 3, 17 Bridge Street', o localizador é 'Flat 3, 17'.||1|Concepteur de localisateur|Le concepteur de localisateur est défini par les directives Inspire comme «un nombre ou une séquence de caractères identifiant de manière unique le localisateur dans les champs (s) pertinents (s). L'identification complète du localisateur pourrait inclure un ou plusieurs designateurs de localisation. ' En termes simples, il s'agit du numéro de bâtiment, du numéro d'appartement, etc. pour une adresse telle que «Appartement 3, 17 pont Street», le localisateur est 'plat 3, 17.'||0
LocationAddress/LocatorName|cvb:LocatorNameType|UDT/Text|||Locator name|Based on the INSPIRE guidelines, locator name is defined as: "Proper noun(s) applied to the real world entity identified by the locator. The locator name could be the name of the property or complex, of the building or part of the building, or it could be the name of a room inside a building. The key difference between a locator and a locator name is that the latter is a proper name and is unlikely to include digits. For example, "Shumann, Berlaymont" is a meeting room within the European Commission headquarters for which locator name is more appropriate than locator.|Town Hall|1|Nombre del edificio o sala|Sobre la base de las directrices INSPIRE, el nombre del localizador se define como: 'sustantivos adecuados (s) aplicados a la entidad del mundo real identificado por el localizador. El nombre del localizador podría ser el nombre de la propiedad o complejo, del edificio o parte del edificio, o podría ser el nombre de una habitación dentro de un edificio. La diferencia clave entre un localizador y un nombre de localizador es que este último es un nombre adecuado y es poco probable que incluya dígitos. Por ejemplo, 'Shumann, Berlaymont' es una sala de reuniones dentro de la sede de la Comisión Europea, por lo que el nombre del localizador es más apropiado que el localizador.||1|Numele locatorului|Numele locatorului poate fi numele proprietății sau complexului, al clădirii sau al unei părți a clădirii sau ar putea fi numele unei camere din interiorul unei clădiri. Diferența cheie dintre un nume de localizator și un nume de localizator este că acesta din urmă este un nume propriu și este puțin probabil să includă cifre.||1|Naziv lokacije|Glede na smernice INSPIRE je naziv lokacije definiran kot 'Samostalnik(i), ki so vezani na fizično entiteto na lokaciji. Naziv lokacije je lahko naziv posestva ali kompleksa, stavba ali del stavbe, ali pa celo ime sobe v stavbi. Ključna razlika med lokacijo in nazivom lokacije je, da naziv lokacije redko vsebuje številke. Na primer, 'Shumann, Berlaymont' je ime sejne sobe na sedežu Evropske komisije, kjer je naziv bolj primeren kot sama lokacija.||1|Nome do edifício ou sala|Com base nas diretrizes INSPIRE, o nome do localizador é definido como: 'nome(s) próprio(s) aplicado(s) à entidade do mundo real identificada pelo localizador. O nome do localizador pode ser o nome da propriedade ou complexo, o prédio ou parte do prédio, ou pode ser o nome de uma sala dentro de um prédio. A principal diferença entre um localizador e um nome de localizador é que o último é um nome próprio e é improvável que inclua dígitos. Por exemplo, 'Shumann, Berlaymont' é uma sala de reuniões dentro da sede da Comissão Europeia, portanto, o nome do localizador é mais apropriado do que o localizador.||1|Nom du localisateur|Sur la base des directives d'inspiration, le nom du localisateur est défini comme suit: «Noun (s) approprié (s) appliqué à l'entité du monde réel identifiée par le localisateur. Le nom du localisateur pourrait être le nom de la propriété ou du complexe, du bâtiment ou de la partie du bâtiment, ou peut être le nom d'une pièce à l'intérieur d'un bâtiment. La différence de clé entre un localisateur et un nom de localisation est que celle-ci est un nom propre et qu'il est peu probable d'inclure des chiffres. Par exemple, 'Shumann, Berlaymont' est une salle de réunion au sein du siège de la Commission européenne pour laquelle le nom de localisation est plus approprié que le localisateur.||0
LocationAddress/AddressArea|cvb:CvaddressAreaType|UDT/Text|||Address area|Taking the definition from INSPIRE, the address area is: the name or names of a geographic area or locality that groups a number of addressable objects for addressing purposes, without being an administrative unit." This would typically be part of a city, a neighbourhood or village.|Madrid|1|Área poblacional|Tomando la definición de INSPIRE, el área de direcciones es: el nombre o los nombres de un área geográfica o localidad que agrupan una serie de objetos direccionables para fines de direccionamiento, sin ser una unidad administrativa ". Esto normalmente sería parte de una ciudad, un barrio o pueblo.||1|Zona de adrese|Zona de adresă este: numele unei zone geografice sau a unei localități care grupează un număr de obiecte adresabile, fără a fi o unitate administrativă.” Aceasta ar fi de obicei parte dintr-un oraș, un cartier sau un sat.||1|Območje naslova|Glede na definicijo INSPIRE je območje naslova 'ime ali imena geografskega področja ali lokalnosti, ki združuje skupino naslovov z namenom naslavljanja brez navezave na administrativno enoto.' Tipično je to del mesta, okrožje ali vas.||1|Área de endereço|Tomando a definição do INSPIRE, área de endereço é: o(s) nome(s) de uma área geográfica ou localidade que agrupa um número de objetos endereçáveis ​​para fins de endereçamento, sem ser uma unidade administrativa. Normalmente, isso faria parte de uma cidade, um bairro ou cidade||1|Domaine d'adressage|Prenant la définition d'Inspire, la zone d'adresses est la suivante: nom ou noms d'une zone géographique ou localité qui regroupe un certain nombre d'objets adressables à des fins d'adressage, sans être une unité administrative. " Cela ferait généralement partie d'une ville, d'un quartier ou d'un village.||0
LocationAddress/PostName|cvb:PostNameType|UDT/Text|||Post name|The key postal division of the address, usually the city. (INSPIRE's definition is "One or more names created and maintained for postal purposes to identify a subdivision of addresses and postal delivery points.)|Madrid|1|Área postal|La división postal clave de la dirección, generalmente la ciudad. (La definición de Inspire es "uno o más nombres creados y mantenidos con fines postales para identificar una subdivisión de direcciones y puntos de entrega postal).||1|Numele oficiului poștal|Punct de livrare poștal.||1|Naziv pošte|Ključna poštna razdelitev naslova običajno mesto. (Opredelitev INSPIRE je 'Eno ali več imen ustvarjenih in vzdrževanih za poštne namene da bi ugotovili pododdelstvo naslovov in poštnih točk.)||1|Área postal|A principal divisão postal do endereço, geralmente é a cidade. (A definição do Inspire é "um ou mais nomes criados e mantidos para fins postais para identificar uma subdivisão de endereços e pontos de entrega postal).||1|Après le nom|La principale division postale de l'adresse, généralement la ville. (La définition de Inspire est 'Un ou plusieurs noms créés et maintenus à des fins postales pour identifier une subdivision d'adresses et de points de livraison postale.)||0
LocationAddress/PostCode|cvb:PostCodeType|UDT/Text|||Post code|The post code (a.k.a postal code, zip code etc.). Post codes are common elements in many countries' postal address systems.|2804-268|1|Código postal|El código postal del sistema de direcciones postales del país.||1|Cod poștal|Codul poștal.||1|Poštna številka|Poštna številka po pošti (A.K.A Poštna številka Poštna številka itd.). Post kode so skupni elementi v poštnih naslovnih sistemih mnogih držav.||1|Código postal|O código postal (A.K.A Código Postal, Código ZIP etc.). Os códigos postais são elementos comuns nos sistemas de endereço postal de muitos países.||1|Code postal|Le code postal (code postal A.k.a, code postal, etc.). Les codes postaux sont des éléments courants dans les systèmes d'adresses postaux de nombreux pays.||0
Person|||||Person|An individual natural person who may be dead or alive, but not imaginary.||1|Persona|||1|Persoană|O persoană fizică care poate fi moartă sau în viață.||1|Oseba|Posamezna fizična oseba ki je lahko mrtva ali živa vendar ne namišljena.||1|Pessoa|||1|La personne|||0
Person/DateOfBirth|||||Date of birth|The day on which the person was born.||1|Fecha de nacimiento|||1|Data de nastere|Ziua în care persoana s-a născut.||1|Datum rojstva|Dan ko se je rodila oseba.||1|Data de nascimento|||1|Date de naissance|||0
Person/DateOfBirth/Year|||||Year|A gregorian calendar year. The value space of Year is the set of Gregorian calendar years as defined in § 5.2.1 of ISO 8601. Specifically, it is a set of one-year long, non-periodic instances e.g. lexical 1999 to represent the whole year 1999, independent of how many months and days this year has.|1980|1|Año|||1|An|Un an calendaristic gregorian.||1|Leto|Gregorijansko koledarsko leto. Vrednostni prostor leta je niz gregorijanskih koledarskih let kot je opredeljeno v § 5.2.1 ISO 8601. Natančneje je niz enoletnih ne-periodičnih primerov npr. Lexicy 1999 predstavlja celo leto 1999 neodvisno od števila mesecev in dni letos.||1|Ano|||1|An|||0
Person/DateOfBirth/Month|||||Month|A gregorian month that recurs every year. The value space of Month is the space of a set of calendar months as defined in § 3 of ISO 8601. Specifically, it is a set of one-month long, yearly periodic instances.|6|1|Mes|||1|Lună|O lună dintr-un an calendaristic.||1|Mesec|Gregoriški mesec ki se vsako leto ponovi. Vrednost v mesecu je prostor nabora koledarskih mesecev kot je opredeljeno v § 3 ISO 8601. Natančneje je niz enomesečnih dolgoletnih letnih občasnih primerov.||1|Mês|||1|Mois|||0
Person/DateOfBirth/Day|||||Day|A gregorian day that recurs, specifically a day of the month such as the 5th of the month. The value space of Day is the space of a set of calendar dates as defined in § 3 of ISO 8601. Specifically, it is a set of one-day long, monthly periodic instances.|12|1|Día|||1|Zi|O zi dintr-un an calendaristic.||1|Dan|Gregoriški dan ki se ponavlja posebej na dan meseca kot je 5. meseca. Vrednostni prostor dneva je prostor nabora koledarskih datumov kot je opredeljeno v § 3 ISO 8601. Natančneje je niz enodnevnih mesečnih periodičnih primerov.||1|Dia|||1|Jour|||0
Person/Gender|||||Gender|The chromosomal state, and reproductive organs and structures of a Person that allows them to be distinguished as female or male or undetermined.|Male|1|Género|||1|Sex|Sex masculin sau feminin.||1|Spol|Kromosomno stanje in reproduktivni organi in struktur osebe ki jim omogoča da se razlikujejo kot ženske ali moške ali nedoločene.||1|Género|||1|Le sexe|||0
Person/PlaceOfBirth|||||Place of birth|The Location where the person was born.||1|Lugar de nacimiento|||1|Locul nașterii|Locația în care s-a născut persoana.||1|Kraj rojstva|Lokacijo kjer se je rodila oseba.||1|Local de nascimento|||1|Lieu de naissance|||0
Person/PersonName|||10||Person name|The family name and given name of a Person. At least one of the two must exist.||1|Nombre de la persona|||1|Numele persoanei|Numele de familie și prenumele unei persoane. Cel puțin unul dintre cele două trebuie să existe.||1|Ime osebe|Ime in ime osebe. Vsaj eno od obeh mora obstajati.||1|Nome da pessoa|||1|Nom d'une personne|||0
Person/PersonName/FamilyName|cbc:NameType||10||Family name|A family name is usually shared by members of a family. This attribute also carries prefixes or suffixes which are part of the family name, e.g. "de Boer", "van de Putte", "von und zu Orlow". Multiple family names, such as are commonly found in Hispanic countries, are recorded in the single family name field so that, for example, Miguel de Cervantes Saavedra's Family Name would be recorded as "de Cervantes Saavedra".|Shah|1|Apellido|||1|Nume de familie|Numele de familie este de obicei același pentru toți membrii unei familii. Acest atribut poartă, de asemenea, prefixe sau sufixe care fac parte din numele de familie, de ex. „de Boer”, „van de Putte”, „von und zu Orlow”.||1|Priimek|Družinsko ime, ki ga običajno delijo člani družine. Ta atribut nosi tudi predpone ali pripone, ki so del družinskega imena, npr. 'de Boer', 'van de Putte', 'von und zu orlow'. V polju se lahko zabeleži tudi več družinskih imen, kot je to običajno v hispanskih državah in se evidentirajo v polju posameznega zasebnega imena, tako da bi se na primer ime Miguel de Cervantes Saavedra zabeležilo kot "de Cervantes Saavedra".||1|Apelido|||1|Nom de famille|||0
Person/PersonName/GivenName|cvb:GivenNameType||10||Given name|A given name, or multiple given names, are the denominator(s) that identify an individual within a family. These are given to a Person by his or her parents at birth or may be legally recognised as 'given names' through a formal process. All given names are ordered in one field so that, for example, the given name for Johann Sebastian Bach is 'Johann Sebastian'.|Iftikhar|1|Nombre de pila|||1|Prenume|Un nume sau mai multe nume.||1|Ime|Ime ali več imenih imen, ki identificirajo posameznika znotraj družine. Ta določijo njihovi starši ob rojstvu ali pa so lahko zakonito določeno s formalnim postopkom. Vsa določena imena so urejena v enem polju, tako da je na primer dano ime za Johanna Sebastiana Bacha "Johann Sebastian".||1|Nome próprio|||1|Prénom|||0
Person/Identifier|||||Identifier|The identifier relation is used to link a Person to any formally issued Identifier for that Person.||1|Identificador|||1|Identificator|Relația de identificare este utilizată pentru a lega o Persoană la orice Identificator emis oficial pentru acea Persoană.||1|Identifikator|Oporednotenje identifikatorja se uporablja za povezovanje osebe na kateri koli formalno izdani identifikator za to osebo.||1|Identificador|||1|Identifiant|||0
Person/Citizenship|||||Citizenship|The citizenship relationship links a Person to a Jurisdiction that has conferred citizenship rights on the individual such as the right to vote, to receive certain protection from the community or the issuance of a passport.||1|Ciudadanía|||1|Cetățenie|Condiția juridică de cetățean, situația de cetățean.||1|Državljanstvo|Odnos državljanstva povezuje osebo v pristojnost ki je podelila pravice državljanstva na posameznika kot je pravica do glasovanja da bi prejela določeno zaščito pred Skupnostjo ali izdajo potnega lista.||1|Cidadania|||1|Citoyenneté|||0
PublicOrganisation|||||PublicOrganisation|||1|Organización publica|||1|Organizație Publică|||1||||1|Entidade Pública|||1|Publicité|||0
PublicOrganisation/Identifier||Identifier|1||Identifier|Many organisations are referred to by an acronym or some other identifier. For example, among the EU institutions, the ECB is the identifier for the European Central Bank, OLAF for the European AntiN/AFraud Office, and so on. These are formally recognised by the European Commission which provides a list of such acronyms. Analogous lists should be used in other contexts.||1|Identificador|Muchas organizaciones son referidas por un acrónimo o algún otro identificador. Por ejemplo, entre las instituciones de la UE, el BCE es el identificador del Banco Central Europeo, OLAF para la Oficina Europea de Antin / Afraud, y así sucesivamente. Estos son formalmente reconocidos por la Comisión Europea que proporciona una lista de tales acrónimos. Las listas análogas deben usarse en otros contextos.||1|Identificator|Multe organizații sunt menționate printr-un acronim sau un alt identificator. De exemplu, în rândul instituțiilor UE, BCE este identificatorul pentru Banca Centrală Europeană, OLAF pentru Oficiul European AntiN/AFfraud și așa mai departe. Acestea sunt recunoscute oficial de Comisia Europeană, care furnizează o listă cu astfel de acronime. Listele analoge ar trebui folosite în alte contexte.||1|Identifikator|Številne organizacije se sklicujejo na kratico ali drug identifikator. Na primer med institucijami EU ECB je identifikator za Evropsko centralno banko OLAF za Evropski ANTIN / AFRAUd Office in tako naprej. Evropske komisije formalno priznava ki zagotavlja seznam takih kratic. V drugih kontekstih je treba uporabiti analogne sezname.||1|Identificador|Muitas organizações são referidas por um acrónimo ou algum outro identificador. Por exemplo, entre as instituições da UE, o BCE é o identificador do Banco Central Europeu, o OLAF do Organismo Europeu AntiN/AFraud e assim por diante. Estes são formalmente reconhecidos pela Comissão Europeia, que fornece uma lista dessas siglas. Listas análogas devem ser usadas em outros contextos.||1|Identifiant|De nombreuses organisations sont mentionnées par un acronyme ou un autre identifiant. Par exemple, parmi les institutions de l'UE, la BCE est l'identifiant de la Banque centrale européenne, OLAF pour le bureau européen Antin / Afrauud, etc. Celles-ci sont officiellement reconnues par la Commission européenne qui fournit une liste de tels acronymes. Les listes analogues doivent être utilisées dans d'autres contextes.||0
PublicOrganisation/PrefLabel|udt:TextType|UDT/Text|11||Preferred label|As defined in the ORG Ontology, a preferred label is used to provide the primary, legally recognised name of the organisation. An organisation may only have one such name in any given language. Primary names may be provided in multiple languages with multiple instances of the preferred label property.|IRN - Institute of Registry and Notary.|1|Etiqueta preferida|Nombre principal y legalmente reconocido de la organización. Una organización solo puede tener un nombre de este tipo en cualquier idioma determinado. Los nombres principales se pueden proporcionar en varios idiomas.||1|Etichetă preferată|„Așa cum este definit în Ontology ORG, o etichetă preferată este utilizată pentru a furniza numele primar, recunoscut legal al organizației. O organizație poate avea doar un astfel de nume într-o anumită limbă. Numele primare pot fi furnizate în mai multe limbi cu mai multe cazuri de proprietatea preferată a etichetei.”||1|Prednostna nalepka|Kot je opredeljeno v ontologiji ORG se za zagotovitev primarnega pravno priznanega imena organizacije uporablja prednostna nalepka. Organizacija ima lahko samo eno takšno ime v katerem koli jeziku. Primarna imena se lahko zagotovijo v več jezikih z večkratnimi primerki prednostne lastnosti nalepk.||1|Etiqueta preferida|Nome principal e legalmente reconhecido da entidade. Uma entidade só pode ter um desses nomes em qualquer idioma. Os nomes principais podem ser fornecidos em vários idiomas.||1|Étiquette préférée|Tel que défini dans l'ORG ontology, une étiquette préférée est utilisée pour fournir le nom principal de l'organisation légalement reconnu. Une organisation ne peut avoir qu'un tel nom dans une langue donnée. Les noms principaux peuvent être fournis dans plusieurs langues avec plusieurs instances de la propriété d'étiquette préférée.||0
UDT|DE4A|||||||1||||1||||1||||1||||1||||0
UDT/Text|ccts-cct:TextType|xsd:string|0|It is the DateType from unqualified data types from UBL-2.3|Text|A character string (i.e. a finite set of characters), generally in the form of words of a language.|fine|1|Texto|Cadena de caracteres (conjunto finito de caracteres), que generalmente forman una palabra de un idioma.||1|Text|Un șir de caractere (adică un set finit de caractere).||1|Besedilo|Niz znakov (tj. Končni niz znakov) na splošno v obliki besed jezika.||1|Texto|Uma cadeia de caracteres (isto é, um conjunto finito de caracteres), geralmente na forma de palavras de um idioma.||1|Texte|Une chaîne de caractères (c'est-à-dire un ensemble fini de caractères), généralement sous la forme de mots d'une langue.||0
UDT/Text/@LanguageID|ccts-cct:TextType|xsd:language|0||Language ID|The identifier of the language used in the content component.||1|ID de idioma|Código identificativo del idioma utilizado.||1|ID-ul limbii|Identificatorul limbii utilizate în componenta de conținut.||1|Jezik ID.|Identifikator jezika ki se uporablja v komponenti vsebine.||1|ID do idioma|O identificador do idioma usado no componente de conteúdo.||1|ID de langue|L'identifiant de la langue utilisée dans le composant de contenu.||0
UDT/Text/@LanguageLocaleID|ccts-cct:TextType|xsd:normalizedString|0||Language Locale ID|The identification of the locale of the language.||1|ID de idioma local|Código identificativo de la localización del idioma.||1|ID-ul local al limbii|Identificarea limbii aferente locației/țării.||1|Jezik Locale ID.|Identifikacijo jezika jezika.||1|ID de idioma local|A identificação da localidade do idioma||1|Langue Locale ID|L'identification des paramètres régionaux de la langue.||0
UDT/Date||xsd:date|0|It is the identifier from Core Vocabularies (Core Vocabulary Aggregated Components)|Date|One calendar day according the Gregorian calendar.|24/05/2021|1|Fecha|Día del calendario gregoriano.||1|Data|O zi calendaristică.||1|Datum.|En koledarski dan po Gregorian koledarju.||1|Data|Um dia de calendário de acordo com o calendário gregoriano.||1|Date|Une journée de calendrier selon le calendrier grégorien.||0
UDT/Name|ccts-cct:TextType|xsd:string|0||Name|A character string that constitutes the distinctive designation of a person, place, thing or concept.||1|Nombre|Una cadena de caracteres que constituye la designación distintiva de una persona, lugar, cosa o concepto.||1|Nume|Un șir de caractere care constituie denumirea distinctivă a unei persoane, loc, lucru sau concept.||1|Ime|Niz znakov ki predstavlja razlikovalno oznako osebe kraj stvar ali koncept.||1|Nome|Uma cadeia de caracteres que constitui a designação distinta de uma pessoa, lugar, coisa ou conceito.||1|Nom|Une chaîne de caractères qui constitue la désignation distinctive d'une personne, d'un lieu, d'une chose ou d'un concept.||0
UDT/Identifier|ccts-cct:IdentifierType|xsd:normalizedString|0||Identifier|A character string to identify and distinguish uniquely, one instance of an object in an identification scheme from all other objects in the same scheme together with relevant supplementary information.||1|Identificador|Una cadena de caracteres para identificar y distinguir de forma inequívoca una instancia de un objeto de acuerdo a un esquema de identificación común a los demás objetos junto con información complementaria relevante.||1|Identificator|Un șir de caractere pentru a identifica și a distinge în mod unic, o instanță a unui obiect dintr-o schemă de identificare de toate celelalte obiecte din aceeași schemă, împreună cu informații suplimentare relevante.||1|Identifikator|Niz znakov za identifikacijo in razlikovanje v edinstveno en primer predmeta v identifikacijski shemi iz vseh drugih predmetov v isti shemi skupaj z ustreznimi dopolnilnimi informacijami.||1|Identificador|Uma sequência de caracteres para identificar e distinguir inequivocamente uma instância de um objeto de acordo com um esquema de identificação comum a outros objetos, juntamente com informações complementares relevantes.||1|Identifiant|Une chaîne de caractères pour identifier et distinguer de manière unique, une instance d'un objet dans un schéma d'identification de tous les autres objets du même système ainsi que des informations complémentaires pertinentes.||0
UDT/Identifier/@schemeID|ccts-cct:IdentifierType|xsd:normalizedString|0||Scheme ID|The identification of the identification scheme.||1|ID de esquema|Código identificativo del esquema de identificación.||1|ID-ul schemei|Identificarea schemei de identificare.||1|ID sheme|Identifikacijo sheme identifikacije.||1|ID do esquema|A identificação do esquema de identificação.||1|Schéma|L'identification du schéma d'identification.||0
UDT/Identifier/@schemeName|ccts-cct:IdentifierType|xsd:string|0||Scheme Name|The name of the identification scheme.||1|Nombre del esquema|El nombre del esquema de identificación.||1|Numele schemei|Denumirea schemei de identificare.||1|Ime sheme.|Ime identifikacijske sheme.||1|Nome do esquema.|O nome do esquema de identificação.||1|Nom du schéma|Le nom du schéma d'identification.||0
UDT/Identifier/@schemeAgencyID|ccts-cct:IdentifierType|xsd:normalizedString|0||Scheme Agency ID|The identification of the agency that maintains the identification scheme.||1|ID de la agencia del esquema|La identificación de la agencia que mantiene el esquema de identificación.||1|ID-ul autorițății|Identificarea autorității care deține schema de identificare.||1|Agencija sheme ID.|Identifikacija Agencije ki ohranja shemo identifikacije.||1|ID da agência do esquema.|A identificação da Agência que mantém o esquema de identificação.||1|ID d'agence de programme|L'identification de l'agence qui maintient le système d'identification.||0
UDT/Identifier/@schemeAgencyName|ccts-cct:IdentifierType|xsd:string|0||Scheme Agency Name|The name of the agency that maintains the identification scheme.||1|Nombre de la agencia del esquema|Nombre de la agencia que mantiene el esquema de identificación.||1|Numele autorității|Numele autorității care deține schema de identificare.||1|Ime agencije sheme..|Ime agencije ki ohranja shemo identifikacije.||1|Nome da agência do esquema.|O nome da agência que mantém o esquema de identificação.||1|Nom de l'organisme de régime|Le nom de l'agence qui maintient le système d'identification.||0
UDT/Identifier/@schemeVersionID|ccts-cct:IdentifierType|xsd:normalizedString|0||Scheme Version ID|The version of the identification scheme.||1|ID de versión de esquema|Versión del esquema de identificación.||1|ID versiune schemă|Versiunea schemei de identificare.||1|ID izvedbe sheme ID.|Različico sheme identifikacije.||1|ID da versão do esquema.|A versão do esquema de identificação.||1|ID de version du schéma|La version du schéma d'identification.||0
UDT/Identifier/@schemeDataURI|ccts-cct:IdentifierType|xsd:anyURI|0||Scheme Data URI|The Uniform Resource Identifier that identifies where the identification scheme data is located.||1|URI de los datos del esquema|Identificador uniforme de recursos (URI) que identifica dónde se encuentra los datos del esquema de identificación.||1|Date URI schemă|Identificatorul uniform de resurse care identifică locul în care se află datele schemei de identificare.||1|Podatki sheme URI.|Identifikator enotnega vira ki identificira kje se nahajajo podatki o shemi identifikacije.||1|URI de dados do esquema|O Identificador Uniforme de Recursos (URI) que identifica onde os dados do esquema de identificação estão localizados.||1|Schéma de données URI|L'identifiant de ressource uniforme qui identifie les données du schéma d'identification.||0
UDT/Identifier/@schemeURI|ccts-cct:IdentifierType|xsd:anyURI|0||Scheme URI|The Uniform Resource Identifier that identifies where the identification scheme is located.||1|URI del esquema|Identificador uniforme de recursos (URI) que identifica dónde se encuentra el esquema de identificación.||1|URI schemă|Identificatorul uniform de resurse care identifică locul în care se află schema de identificare.||1|Shema Uri.|Enotni identifikator virov ki identificira kje se nahaja identifikacijska shema.||1|URI do esquema|O Identificador Uniforme de Recursos (URI) que identifica onde o esquema de identificação está localizado.||1|URI du régime|L'identifiant de ressource uniforme qui identifie l'emplacement du schéma d'identification.||0
Identifier|CVA||||Identifier|The Identifier class allows an identifier to be given as well as information about which authority issued it and, if needed, when.||1|Identificador|La clase que representa un identificador, con información sobre qué autoridad lo emitió y, si es necesario, cuándo.||1|Identificator|Clasa Identificator permite furnizarea unui identificator, precum și informații despre autoritatea care l-a emis și, dacă este necesar, când.||1|Identifikator|Razred identifikatorja omogoča da se identifikator daje kot tudi informacije o tem kateri organ je izdal in če je potrebno kdaj.||1|Identificador|A classe que representa um identificador, com informações sobre qual autoridade o emitiu e, se necessário, quando.||1|Identifiant|La classe d'identifiant permet d'administrer un identifiant ainsi que des informations sur lesquelles l'autorité l'a délivrée et, si nécessaire, quand.||0
Identifier/Identifier|cvb:IdentifierType|UDT/Text|10||Content|Content - alpha-numeric string|GR/GR/12345678|1|Contenido|Cadena alfanumérica del identificador||1|Conţinut|Conținut - șir alfanumeric||1|Vsebina|Vsebina - alfanumerični niz||1|Conteúdo|Conteúdo - String Alfa-numérica||1|Contenu|Contenu - Chaîne alpha-numérique||0
Identifier/IdentifierType|cvb:IdentifierTypeType|UDT/Text|0||Identifier Type|The type of identifier issued (if the authority issues more than one type of identifier).|eIDAS eID|1|Tipo de identificador|El tipo de identificador emitido (si la autoridad emite más de un tipo de identificador).||1|Tipul de identificare|Tipul de identificator emis (dacă autoritatea emite mai mult de un tip de identificator).||1|Identifikator Tip.|Vrsta identifikatorja je izdala (če organ izda več kot eno vrsto identifikatorja).||1|Tipo de identificador|O tipo de identificador emitido (se a autoridade emitir mais de um tipo de identificador).||1|Type d'identifiant|Le type d'identifiant émis (si l'autorité émet plus d'un type d'identifiant).||0
Identifier/IssueDate|cbc:IssueDateType|UDT/Date|0||Issue Date|The date on which it was issued|13/08/1957|1|Fecha de emisión|Fecha en que se emitió el identificador.||1|Data emiterii|Data la care a fost emis||1|Datum izdaje|Datum na katerega je bil izdan||1|Data de emissão|A data em que foi emitida||1|Date d'émission|La date à laquelle il a été émis||0
Identifier/IssuingAuthority|cvb:IssuingAuthorityType|UDT/Text|0||Issuing Authority|The name of the issuing agency|Institute of Registry and Notary|1|Autoridad emisora|Nombre de la agencia emisora.||1|Autoritatea emitentă|Numele autorității emitente||1|Organ izdaje|Ime agencije izdajateljice||1|Autoridade emissora|O nome da agência emissora||1|Autorité de délivrance|Le nom de l'agence émettrice||0
Identifier/IssuingAuthorityID|cvb:IssuingAuthorityIDType|UDT/Identifier|0||Issuing Authority ID|The issuing agency ID|GR-12345678|1|ID de autoridad emisora|Identificador de la agencia emisora||1|ID-ul autorității emitente|ID-ul autorității emitente||1|Organ izdaje ID.|ID izdajatelja||1|ID da autoridade emissora|O ID da agência emissora||1|ID d'autorité émettrice|L'ID d'agence émettrice||0
CountryEnum|http://publications.europa.eu/resource/authority/country/|xs:enumeration||||ISO 3166-1 alpha-3 codes are three-letter country codes defined in ISO 3166-1, part of the ISO 3166 standard published by the International Organization for Standardization, to represent countries, dependent territories, and special areas of geographical interest.||1||Códigos ISO 3166-1 alfa-3 codifican cada país con tres letras, definidos por la norma ISO 3166 publicada por la Organización Internacional de Normalización, para representar a países, territorios dependientes y áreas especiales de interés geográfico.||1||Codurile ISO 3166-1 alpha-3 sunt coduri de țară din trei litere definite în ISO 3166-1, parte a standardului ISO 3166 publicat de Organizația Internațională pentru Standardizare, pentru a reprezenta țări, teritorii dependente și zone speciale de interes geografic.||0||ISO 3166-1 Kode alfa-3 so tričrkovne kode države opredeljene v standardu ISO 3166 ki jo je objavila Mednarodna organizacija za standardizacijo za zastopanje držav odvisnih ozemelj in posebnih področij geografskega interesa.||0||Os códigos alfa-3 ISO 3166-1 são códigos de três letras definidos na ISO 3166-1, parte do padrão ISO 3166 publicado pela International Organization for Standardization, para representar países, territórios dependentes e áreas especiais de interesse geográfico.||1||Les codes de pays ISO 3166-1 sont des codes de pays de trois lettres définis dans l'ISO 3166-1, une partie de la norme ISO 3166 publiée par l'Organisation internationale de normalisation, de représenter des pays, des territoires dépendants et des zones spéciales d'intérêt géographique.||0
CountryEnum/1A0|http://publications.europa.eu/resource/authority/country/1A0|xs:token|||Kosovo|||1|Kosovo|||1|Kosovo|||0|Kosovo|||0|Kosovo|||1|Kosovo|||0
CountryEnum/ABW|http://publications.europa.eu/resource/authority/country/ABW|xs:token|||Aruba|||1|Aruba|||1|Aruba|||0|Aruba|||0|Aruba|||1|Arubie|||0
CountryEnum/AFG|http://publications.europa.eu/resource/authority/country/AFG|xs:token|||Afghanistan|||1|Afganistán|||1|Afganistan|||0|Afganistan|||0|Afeganistão|||1|Afghanistan|||0
CountryEnum/AFI|http://publications.europa.eu/resource/authority/country/AFI|xs:token|||French Afar and Issas|||1|Territorio Francés de los Afars y de los Issas|||1|Afar și Issas francezi|||0|Francoski Afar in Issas|||0|Território Francês dos Afares e Issas|||1|Afar français et Issas|||0
CountryEnum/AGO|http://publications.europa.eu/resource/authority/country/AGO|xs:token|||Angola|||1|Angola|||1|Angola|||0|Angola|||0|Angola|||1|Angola|||0
CountryEnum/AIA|http://publications.europa.eu/resource/authority/country/AIA|xs:token|||Anguilla|||1|Anguila|||1|Anguilla|||0|Angvila|||0|Anguila|||1|Anguilla|||0
CountryEnum/ALA|http://publications.europa.eu/resource/authority/country/ALA|xs:token|||Åland Islands|||1|Islas Aland|||1|Insulele Aland|||0|Ålandski otoki|||0|Ilhas Aland|||1|Iles Aland|||0
CountryEnum/ALB|http://publications.europa.eu/resource/authority/country/ALB|xs:token|||Albania|||1|Albania|||1|Albania|||0|Albanija|||0|Albânia|||1|Albanie|||0
CountryEnum/AND|http://publications.europa.eu/resource/authority/country/AND|xs:token|||Andorra|||1|Andorra|||1|Andorra|||0|Andora|||0|Andorra|||1|Andorre|||0
CountryEnum/ANT|http://publications.europa.eu/resource/authority/country/ANT|xs:token|||Netherlands Antilles|||1|Antillas Holandesas|||1|Antilele Olandeze|||0|Nizozemski Antili|||0|Antilhas Holandesas|||1|Antilles néerlandaises|||0
CountryEnum/ARE|http://publications.europa.eu/resource/authority/country/ARE|xs:token|||United Arab Emirates|||1|Emiratos Árabes Unidos|||1|Emiratele Arabe Unite|||0|Združeni Arabski Emirati|||0|Emirados Árabes Unidos|||1|Emirats Arabes Unis|||0
CountryEnum/ARG|http://publications.europa.eu/resource/authority/country/ARG|xs:token|||Argentina|||1|Argentina|||1|Argentina|||0|Argentina|||0|Argentina|||1|Argentine|||0
CountryEnum/ARM|http://publications.europa.eu/resource/authority/country/ARM|xs:token|||Armenia|||1|Armenia|||1|Armenia|||0|Armenija|||0|Arménia|||1|Arménie|||0
CountryEnum/ASM|http://publications.europa.eu/resource/authority/country/ASM|xs:token|||American Samoa|||1|Samoa Americana|||1|Samoa Americană|||0|Ameriška Samoa|||0|Samoa Americana|||1|Samoa américain|||0
CountryEnum/ATA|http://publications.europa.eu/resource/authority/country/ATA|xs:token|||Antarctica|||1|Antártida|||1|Antarctica|||0|Antarktika|||0|Antártida|||1|Antarctique|||0
CountryEnum/ATB|http://publications.europa.eu/resource/authority/country/ATB|xs:token|||British Antarctic Territory|||1|Territorio antártico británico|||1|Teritoriul Antarctic Britanic|||0|Britansko antarktično ozemlje|||0|Território Antártido Britânico|||1|Territoire antarctique britannique|||0
CountryEnum/ATF|http://publications.europa.eu/resource/authority/country/ATF|xs:token|||French Southern Lands|||1|Tierras del sur francesa|||1|Ținuturile Sudului Franței|||0|Francoske južne dežele|||0|Terras Austrais e Antárticas Francesas|||1|Terres du sud français|||0
CountryEnum/ATG|http://publications.europa.eu/resource/authority/country/ATG|xs:token|||Antigua and Barbuda|||1|Antigua y Barbuda|||1|Antigua si Barbuda|||0|Antigva in Barbuda|||0|Antígua e Barbuda|||1|Antigua-et-Barbuda|||0
CountryEnum/ATN|http://publications.europa.eu/resource/authority/country/ATN|xs:token|||Dronning Maud Land|||1|Tierra de la Reina Maud|||1|Dronning Maud Land|||0|Dežela Dronning Maud|||0|Terra da Rainha Maud|||1|DRONNING MAUD TERRAIN|||0
CountryEnum/AUS|http://publications.europa.eu/resource/authority/country/AUS|xs:token|||Australia|||1|Australia|||1|Australia|||0|Avstralija|||0|Austrália|||1|Australie|||0
CountryEnum/AUT|http://publications.europa.eu/resource/authority/country/AUT|xs:token|||Austria|||1|Austria|||1|Austria|||0|Avstrija|||0|Áustria|||1|L'Autriche|||0
CountryEnum/AZE|http://publications.europa.eu/resource/authority/country/AZE|xs:token|||Azerbaijan|||1|Azerbaiyán|||1|Azerbaidjan|||0|Azerbajdžan|||0|Azerbaijão|||1|Azerbaïdjan|||0
CountryEnum/BDI|http://publications.europa.eu/resource/authority/country/BDI|xs:token|||Burundi|||1|Burundi|||1|Burundi|||0|Burundi|||0|Burundi|||1|Burundi|||0
CountryEnum/BEL|http://publications.europa.eu/resource/authority/country/BEL|xs:token|||Belgium|||1|Bélgica|||1|Belgia|||0|Belgija|||0|Bélgica|||1|la Belgique|||0
CountryEnum/BEN|http://publications.europa.eu/resource/authority/country/BEN|xs:token|||Benin|||1|Benin|||1|Benin|||0|Benin|||0|Benin|||1|Bénin|||0
CountryEnum/BES|http://publications.europa.eu/resource/authority/country/BES|xs:token|||Bonaire, Sint Eustatius and Saba|||1|Bonaire, Sint Eustatius y Saba.|||1|Bonaire, Sint Eustatius și Saba|||0|Bonaire, Sint Eustatius in Saba|||0|Bonaire, Sint Eustatius e Saba|||1|Bonaire, Sint Eustadius et Saba|||0
CountryEnum/BFA|http://publications.europa.eu/resource/authority/country/BFA|xs:token|||Burkina Faso|||1|Burkina Faso|||1|Burkina Faso|||0|Burkina Faso|||0|Burkina Faso|||1|Burkina Faso|||0
CountryEnum/BGD|http://publications.europa.eu/resource/authority/country/BGD|xs:token|||Bangladesh|||1|Bangladesh|||1|Bangladesh|||0|Bangladeš|||0|Bangladesh|||1|Bangladesh|||0
CountryEnum/BGR|http://publications.europa.eu/resource/authority/country/BGR|xs:token|||Bulgaria|||1|Bulgaria|||1|Bulgaria|||0|Bolgarija|||0|Bulgária|||1|Bulgarie|||0
CountryEnum/BHR|http://publications.europa.eu/resource/authority/country/BHR|xs:token|||Bahrain|||1|Bahrein|||1|Bahrain|||0|Bahrajn|||0|Bahrein|||1|Bahreïn|||0
CountryEnum/BHS|http://publications.europa.eu/resource/authority/country/BHS|xs:token|||Bahamas|||1|Bahamas|||1|Bahamas|||0|Bahami|||0|Bahamas.|||1|Bahamas|||0
CountryEnum/BIH|http://publications.europa.eu/resource/authority/country/BIH|xs:token|||Bosnia and Herzegovina|||1|Bosnia y Herzegovina|||1|Bosnia si Hertegovina|||0|Bosna in Hercegovina|||0|Bósnia e Herzegovina|||1|Bosnie Herzégovine|||0
CountryEnum/BLM|http://publications.europa.eu/resource/authority/country/BLM|xs:token|||Saint Barthélemy|||1|San Barthélemy|||1|Sfântul Bartolomeu|||0|Saint Barthélemy|||0|São Barthélemy.|||1|Saint Barthélemy|||0
CountryEnum/BLR|http://publications.europa.eu/resource/authority/country/BLR|xs:token|||Belarus|||1|Bielorrusia|||1|Bielorusia|||0|Belorusija|||0|Bielorrússia|||1|Biélorussie|||0
CountryEnum/BLZ|http://publications.europa.eu/resource/authority/country/BLZ|xs:token|||Belize|||1|Belice|||1|Belize|||0|Belize|||0|Belize|||1|Belize|||0
CountryEnum/BMU|http://publications.europa.eu/resource/authority/country/BMU|xs:token|||Bermuda|||1|Islas Bermudas|||1|Bermude|||0|Bermuda|||0|Bermudas|||1|Bermudes|||0
CountryEnum/BOL|http://publications.europa.eu/resource/authority/country/BOL|xs:token|||Bolivia|||1|Bolivia|||1|Bolivia|||0|Bolivija|||0|Bolívia|||1|Bolivie|||0
CountryEnum/BRA|http://publications.europa.eu/resource/authority/country/BRA|xs:token|||Brazil|||1|Brasil|||1|Brazilia|||0|Brazilija|||0|Brasil|||1|Brésil|||0
CountryEnum/BRB|http://publications.europa.eu/resource/authority/country/BRB|xs:token|||Barbados|||1|Barbados|||1|Barbados|||1|Barbados|||0|Barbados|||1|Barbados|||0
CountryEnum/BRN|http://publications.europa.eu/resource/authority/country/BRN|xs:token|||Brunei|||1|Brunei|||1|Brunei|||1|Brunej|||0|Brunei|||1|Brunei|||0
CountryEnum/BTN|http://publications.europa.eu/resource/authority/country/BTN|xs:token|||Bhutan|||1|Bután|||1|Bhutan|||1|Butan|||0|Butão|||1|Bhoutan|||0
CountryEnum/BUR|http://publications.europa.eu/resource/authority/country/BUR|xs:token|||Burma|||1|Birmania|||1|Birmania|||1|Burma|||0|Burma|||1|Birmanie|||0
CountryEnum/BVT|http://publications.europa.eu/resource/authority/country/BVT|xs:token|||Bouvet Island|||1|Isla de bouvet|||1|Insula Bouvet|||1|Otok Bouvet|||0|Ilha Bouvet|||1|Île Bouvet|||0
CountryEnum/BWA|http://publications.europa.eu/resource/authority/country/BWA|xs:token|||Botswana|||1|Botsuana|||1|Botswana|||1|Bocvana|||0|Botsuana|||1|Botswana|||0
CountryEnum/BYS|http://publications.europa.eu/resource/authority/country/BYS|xs:token|||Belarus|||1|Bielorrusia|||1|Bielorusia|||1|Belorusija|||0|Bielorrússia|||1|Biélorussie|||0
CountryEnum/CAF|http://publications.europa.eu/resource/authority/country/CAF|xs:token|||Central African Republic|||1|República Centroafricana|||1|Republica Centrafricană|||1|centralna afriška republika|||0|República Centro-Africana|||1|République centrafricaine|||0
CountryEnum/CAN|http://publications.europa.eu/resource/authority/country/CAN|xs:token|||Canada|||1|Canadá|||1|Canada|||1|Kanada|||0|Canadá|||1|Canada|||0
CountryEnum/CCK|http://publications.europa.eu/resource/authority/country/CCK|xs:token|||Cocos (Keeling) Islands|||1|Islas Cocos (Keeling)|||1|Insulele Cocos (Keeling).|||1|Kokosovi (Keelingovi) otoki|||0|Ilhas Cocos (Keeling)|||1|Îles Cocos (Keeling)|||0
CountryEnum/CHE|http://publications.europa.eu/resource/authority/country/CHE|xs:token|||Switzerland|||1|Suiza|||1|Elveţia|||1|Švica|||0|Suíça|||1|la Suisse|||0
CountryEnum/CHL|http://publications.europa.eu/resource/authority/country/CHL|xs:token|||Chile|||1|Chile|||1|Chile|||1|Čile|||0|Chile|||1|Chili|||0
CountryEnum/CHN|http://publications.europa.eu/resource/authority/country/CHN|xs:token|||China|||1|China|||1|China|||1|Kitajska|||0|China|||1|Chine|||0
CountryEnum/CIV|http://publications.europa.eu/resource/authority/country/CIV|xs:token|||Côte d’Ivoire|||1|Côte d'Ivoire|||1|Coasta de Fildeș|||1|Slonokoščena obala|||0|Costa do Marfim|||1|Côte d'Ivoire|||0
CountryEnum/CMR|http://publications.europa.eu/resource/authority/country/CMR|xs:token|||Cameroon|||1|Camerún|||1|Camerun|||1|Kamerun|||0|Camarões|||1|Cameroun|||0
CountryEnum/COD|http://publications.europa.eu/resource/authority/country/COD|xs:token|||Democratic Republic of the Congo|||1|República Democrática del Congo|||1|Republica Democrata din Congo|||1|Demokratična republika Kongo|||0|República Democrática do Congo|||1|République Démocratique du Congo|||0
CountryEnum/COG|http://publications.europa.eu/resource/authority/country/COG|xs:token|||Congo|||1|Congo|||1|Congo|||1|Kongo|||0|Congo|||1|Congo|||0
CountryEnum/COK|http://publications.europa.eu/resource/authority/country/COK|xs:token|||Cook Islands|||1|Islas Cook|||1|Insulele Cook|||1|Cookovi otoki|||0|Ilhas Cook|||1|les Îles Cook|||0
CountryEnum/COL|http://publications.europa.eu/resource/authority/country/COL|xs:token|||Colombia|||1|Colombia|||1|Columbia|||1|Kolumbija|||0|Colômbia|||1|Colombie|||0
CountryEnum/COM|http://publications.europa.eu/resource/authority/country/COM|xs:token|||Comoros|||1|Comoras|||1|Comore|||1|Komori|||0|Comores|||1|Comores|||0
CountryEnum/CPT|http://publications.europa.eu/resource/authority/country/CPT|xs:token|||Clipperton|||1|Clipperton|||1|Clipperton|||1|Clipperton|||0|Clipperton|||1|Clipart|||0
CountryEnum/CPV|http://publications.europa.eu/resource/authority/country/CPV|xs:token|||Cabo Verde|||1|Cabo Verde|||1|Cabo Verde|||1|Cabo Verde|||0|Cabo Verde|||1|Cabo Verde|||0
CountryEnum/CRI|http://publications.europa.eu/resource/authority/country/CRI|xs:token|||Costa Rica|||1|Costa Rica|||1|Costa Rica|||1|Kostarika|||0|Costa Rica|||1|Costa Rica|||0
CountryEnum/CSK|http://publications.europa.eu/resource/authority/country/CSK|xs:token|||Czechoslovakia|||1|Checoslovaquia|||1|Cehoslovacia|||1|Češkoslovaška|||0|Checoslováquia|||1|Tchécoslovaquie|||0
CountryEnum/CTE|http://publications.europa.eu/resource/authority/country/CTE|xs:token|||Canton and Enderbury Islands|||1|Islas Cantón y Enderbury|||1|Insulele Canton și Enderbury|||1|Kanton in otoki Enderbury|||0|Ilhas Cantão e Enderbury|||1|Îles Canton et Enderbury|||0
CountryEnum/CUB|http://publications.europa.eu/resource/authority/country/CUB|xs:token|||Cuba|||1|Cuba|||1|Cuba|||1|Kuba|||0|Cuba|||1|Cuba|||0
CountryEnum/CUW|http://publications.europa.eu/resource/authority/country/CUW|xs:token|||Curaçao|||1|Curazao|||1|Curaçao|||1|Curaçao|||0|Curaçao|||1|Curacao|||0
CountryEnum/CXR|http://publications.europa.eu/resource/authority/country/CXR|xs:token|||Christmas Island|||1|Isla de Navidad|||1|Insula Craciunului|||1|Božični otok|||0|Ilha do Natal|||1|L'île de noël|||0
CountryEnum/CYM|http://publications.europa.eu/resource/authority/country/CYM|xs:token|||Cayman Islands|||1|Islas Caimán|||1|Insulele Cayman|||1|Kajmanski otoki|||0|Ilhas Caimão|||1|Îles Caïmans|||0
CountryEnum/CYP|http://publications.europa.eu/resource/authority/country/CYP|xs:token|||Cyprus|||1|Chipre|||1|Cipru|||1|Ciper|||0|Chipre|||1|Chypre|||0
CountryEnum/CZE|http://publications.europa.eu/resource/authority/country/CZE|xs:token|||Czechia|||1|Chequia|||1|Cehia|||1|Češka|||0|República Checa|||1|Tchechie|||0
CountryEnum/DDR|http://publications.europa.eu/resource/authority/country/DDR|xs:token|||East Germany|||1|Alemania del Este|||1|Germania de Est|||1|Vzhodna Nemčija|||0|Alemanha Oriental|||1|Allemagne de l'est|||0
CountryEnum/DEU|http://publications.europa.eu/resource/authority/country/DEU|xs:token|||Germany|||1|Alemania|||1|Germania|||1|Nemčija|||0|Alemanha|||1|Allemagne|||0
CountryEnum/DHY|http://publications.europa.eu/resource/authority/country/DHY|xs:token|||Dahomey|||1|Dahomey|||1|Dahomey|||1|Dahomey|||0|Reino do Daomé|||1|Dahomey|||0
CountryEnum/DJI|http://publications.europa.eu/resource/authority/country/DJI|xs:token|||Djibouti|||1|Djibouti|||1|Djibouti|||1|Džibuti|||0|Djibuti|||1|Djibouti|||0
CountryEnum/DMA|http://publications.europa.eu/resource/authority/country/DMA|xs:token|||Dominica|||1|Dominica|||1|Dominica|||1|Dominika|||0|Dominica|||1|Dominique|||0
CountryEnum/DNK|http://publications.europa.eu/resource/authority/country/DNK|xs:token|||Denmark|||1|Dinamarca|||1|Danemarca|||1|Danska|||0|Dinamarca|||1|Danemark|||0
CountryEnum/DOM|http://publications.europa.eu/resource/authority/country/DOM|xs:token|||Dominican Republic|||1|República Dominicana|||1|Republica Dominicană|||1|Dominikanska republika|||0|República Dominicana|||1|République dominicaine|||0
CountryEnum/DZA|http://publications.europa.eu/resource/authority/country/DZA|xs:token|||Algeria|||1|Argelia|||1|Algeria|||1|Alžirija|||0|Argélia|||1|Algérie|||0
CountryEnum/ECU|http://publications.europa.eu/resource/authority/country/ECU|xs:token|||Ecuador|||1|Ecuador|||1|Ecuador|||1|Ekvador|||0|Equador|||1|Équateur|||0
CountryEnum/EGY|http://publications.europa.eu/resource/authority/country/EGY|xs:token|||Egypt|||1|Egipto|||1|Egipt|||1|Egipt|||0|Egito|||1|Egypte|||0
CountryEnum/ERI|http://publications.europa.eu/resource/authority/country/ERI|xs:token|||Eritrea|||1|Eritrea|||1|Eritreea|||1|Eritreja|||0|Eritreia|||1|Érythrée|||0
CountryEnum/ESH|http://publications.europa.eu/resource/authority/country/ESH|xs:token|||Western Sahara|||1|Sahara Occidental|||1|sahara de Vest|||1|Zahodna Sahara|||0|Saara Ocidental|||1|Sahara occidental|||0
CountryEnum/ESP|http://publications.europa.eu/resource/authority/country/ESP|xs:token|||Spain|||1|España|||1|Spania|||1|Španija|||0|Espanha|||1|Espagne|||0
CountryEnum/EST|http://publications.europa.eu/resource/authority/country/EST|xs:token|||Estonia|||1|Estonia|||1|Estonia|||1|Estonija|||0|Estónia|||1|Estonie|||0
CountryEnum/ETH|http://publications.europa.eu/resource/authority/country/ETH|xs:token|||Ethiopia|||1|Etiopía|||1|Etiopia|||1|Etiopija|||0|Etiópia|||1|Ethiopie|||0
CountryEnum/EUR|http://publications.europa.eu/resource/authority/country/EUR|xs:token|||European Union|||1|Unión Europea|||1|Uniunea Europeană|||1|Evropska unija|||0|União Europeia|||1|Union européenne|||0
CountryEnum/FIN|http://publications.europa.eu/resource/authority/country/FIN|xs:token|||Finland|||1|Finlandia|||1|Finlanda|||1|Finska|||0|Finlândia|||1|Finlande|||0
CountryEnum/FJI|http://publications.europa.eu/resource/authority/country/FJI|xs:token|||Fiji|||1|Fiji|||1|Fiji|||1|Fidži|||0|Fiji|||1|Fidji|||0
CountryEnum/FLK|http://publications.europa.eu/resource/authority/country/FLK|xs:token|||Falkland Islands|||1|Islas Malvinas|||1|Insulele Falkland|||1|Falklandski otoki|||0|Malvinas|||1|les îles Falkland|||0
CountryEnum/FQ0|http://publications.europa.eu/resource/authority/country/FQ0|xs:token|||French Southern and Antarctic Lands|||1|Tierras Australes y Antárticas Francesas|||1|Ținuturile sudice și antarctice franceze|||1|Francoske južne in antarktične dežele|||0|Terras Austrais e Antárticas Francesas|||1|Terres françaises du sud et de l'Antarctique|||0
CountryEnum/FRA|http://publications.europa.eu/resource/authority/country/FRA|xs:token|||France|||1|Francia|||1|Franţa|||1|Francija|||0|França|||1|La France|||0
CountryEnum/FRO|http://publications.europa.eu/resource/authority/country/FRO|xs:token|||Faroes|||1|Feroes|||1|Insulele Feroe|||1|Ferski otoki|||0|Ilhas Faroe|||1|Farouche|||0
CountryEnum/FSM|http://publications.europa.eu/resource/authority/country/FSM|xs:token|||Micronesia|||1|Micronesia|||1|Micronezia|||1|Mikronezija|||0|Micronésia|||1|Micronésie|||0
CountryEnum/FXX|http://publications.europa.eu/resource/authority/country/FXX|xs:token|||Metropolitan France|||1|Metropolitano francia|||1|Franța metropolitană|||1|Metropolitanska Francija|||0|França Metropolitana|||1|France métropolitaine|||0
CountryEnum/GAB|http://publications.europa.eu/resource/authority/country/GAB|xs:token|||Gabon|||1|Gabón|||1|Gabon|||1|Gabon|||0|Gabão|||1|Gabon|||0
CountryEnum/GBR|http://publications.europa.eu/resource/authority/country/GBR|xs:token|||United Kingdom|||1|Reino Unido|||1|Regatul Unit|||1|Združeno kraljestvo|||0|Reino Unido|||1|Royaume-Uni|||0
CountryEnum/GEL|http://publications.europa.eu/resource/authority/country/GEL|xs:token|||Gilbert and Ellice Islands|||1|Gilbert y Islas Elice|||1|Insulele Gilbert și Ellice|||1|Otoki Gilbert in Ellice|||0|Ilhas Gilbert e Ellice|||1|Îles Gilbert et Ellice|||0
CountryEnum/GEO|http://publications.europa.eu/resource/authority/country/GEO|xs:token|||Georgia|||1|Georgia|||1|Georgia|||1|Gruzija|||0|Geórgia|||1|Géorgie|||0
CountryEnum/GGY|http://publications.europa.eu/resource/authority/country/GGY|xs:token|||Guernsey|||1|Guerna|||1|Guernsey|||1|Guernsey|||0|Guernsey|||1|Guernesey|||0
CountryEnum/GHA|http://publications.europa.eu/resource/authority/country/GHA|xs:token|||Ghana|||1|Ghana|||1|Ghana|||1|Gana|||0|Gana|||1|Ghana|||0
CountryEnum/GIB|http://publications.europa.eu/resource/authority/country/GIB|xs:token|||Gibraltar|||1|Gibraltar|||1|Gibraltar|||1|Gibraltar|||0|Gibraltar|||1|Gibraltar|||0
CountryEnum/GIN|http://publications.europa.eu/resource/authority/country/GIN|xs:token|||Guinea|||1|Guinea|||1|Guineea|||1|Gvineja|||0|Guiné|||1|Guinée|||0
CountryEnum/GLP|http://publications.europa.eu/resource/authority/country/GLP|xs:token|||Guadeloupe|||1|Guadalupe|||1|Guadelupa|||1|Guadeloupe|||0|Guadalupe|||1|Guadeloupe|||0
CountryEnum/GMB|http://publications.europa.eu/resource/authority/country/GMB|xs:token|||The Gambia|||1|La Gambia|||1|Gambia|||1|Gambija|||0|Gâmbia|||1|La Gambie|||0
CountryEnum/GNB|http://publications.europa.eu/resource/authority/country/GNB|xs:token|||Guinea-Bissau|||1|Guinea-Bissau|||1|Guineea-Bissau|||1|Gvineja Bissau|||0|Guiné-Bissau|||1|Guinée-Bissau|||0
CountryEnum/GNQ|http://publications.europa.eu/resource/authority/country/GNQ|xs:token|||Equatorial Guinea|||1|Guinea Ecuatorial|||1|Guineea Ecuatorială|||1|Ekvatorialna Gvineja|||0|Guiné Equatorial|||1|Guinée Équatoriale|||0
CountryEnum/GRC|http://publications.europa.eu/resource/authority/country/GRC|xs:token|||Greece|||1|Grecia|||1|Grecia|||1|Grčija|||0|Grécia|||1|Grèce|||0
CountryEnum/GRD|http://publications.europa.eu/resource/authority/country/GRD|xs:token|||Grenada|||1|Granada|||1|Grenada|||1|Grenada|||0|Granada|||1|Grenade|||0
CountryEnum/GRL|http://publications.europa.eu/resource/authority/country/GRL|xs:token|||Greenland|||1|Groenlandia|||1|Groenlanda|||1|Grenlandija|||0|Gronelândia|||1|Groenland|||0
CountryEnum/GTM|http://publications.europa.eu/resource/authority/country/GTM|xs:token|||Guatemala|||1|Guatemala|||1|Guatemala|||1|Gvatemala|||0|Guatemala|||1|Guatemala|||0
CountryEnum/GUF|http://publications.europa.eu/resource/authority/country/GUF|xs:token|||French Guiana|||1|Guayana francesa|||1|Guyana Franceză|||1|Francoska Gvajana|||0|Guiana Francesa|||1|Guyane Française|||0
CountryEnum/GUM|http://publications.europa.eu/resource/authority/country/GUM|xs:token|||Guam|||1|Guam|||1|Guam|||1|Guam|||0|Guam|||1|Guam|||0
CountryEnum/GUY|http://publications.europa.eu/resource/authority/country/GUY|xs:token|||Guyana|||1|Guayana|||1|Guyana|||1|Gvajana|||0|Guiana|||1|Guyane|||0
CountryEnum/HKG|http://publications.europa.eu/resource/authority/country/HKG|xs:token|||Hong Kong|||1|Hong Kong|||1|Hong Kong|||1|Hong Kong|||0|Hong Kong|||1|Hong Kong|||0
CountryEnum/HMD|http://publications.europa.eu/resource/authority/country/HMD|xs:token|||Heard Island and McDonald Islands|||1|Isla Heard e islas McDonald|||1|Insula Heard și Insulele McDonald|||1|Otok Heard in otok McDonald|||0|Ilhas Heard e McDonald|||1|Île entendu et îles McDonald|||0
CountryEnum/HND|http://publications.europa.eu/resource/authority/country/HND|xs:token|||Honduras|||1|Honduras|||1|Honduras|||1|Honduras|||0|Honduras|||1|Honduras|||0
CountryEnum/HRV|http://publications.europa.eu/resource/authority/country/HRV|xs:token|||Croatia|||1|Croacia|||1|Croaţia|||1|Hrvaška|||0|Croácia|||1|Croatie|||0
CountryEnum/HTI|http://publications.europa.eu/resource/authority/country/HTI|xs:token|||Haiti|||1|Haití|||1|Haiti|||1|Haiti|||0|Haiti|||1|Haïti|||0
CountryEnum/HUN|http://publications.europa.eu/resource/authority/country/HUN|xs:token|||Hungary|||1|Hungría|||1|Ungaria|||1|Madžarska|||0|Hungria|||1|Hongrie|||0
CountryEnum/HVO|http://publications.europa.eu/resource/authority/country/HVO|xs:token|||Upper Volta|||1|Alto volta|||1|Volta Superioara|||1|Zgornja Volta|||0|Volta superior|||1|Upper Volta|||0
CountryEnum/IDN|http://publications.europa.eu/resource/authority/country/IDN|xs:token|||Indonesia|||1|Indonesia|||1|Indonezia|||1|Indonezija|||0|Indonésia|||1|Indonésie|||0
CountryEnum/IMN|http://publications.europa.eu/resource/authority/country/IMN|xs:token|||Isle of Man|||1|Isla de Man|||1|Insula Barbatului|||1|otok Man|||0|Ilha de Man|||1|île de Man|||0
CountryEnum/IND|http://publications.europa.eu/resource/authority/country/IND|xs:token|||India|||1|India|||1|India|||1|Indija|||0|Índia|||1|Inde|||0
CountryEnum/IOT|http://publications.europa.eu/resource/authority/country/IOT|xs:token|||British Indian Ocean Territory|||1|Territorio Británico del Océano Índico|||1|Teritoriul Britanic al Oceanului Indian|||1|Britansko ozemlje Indijskega oceana|||0|Território do Oceano Índico Britânico|||1|Territoire britannique de l'océan Indien|||0
CountryEnum/IRL|http://publications.europa.eu/resource/authority/country/IRL|xs:token|||Ireland|||1|Irlanda|||1|Irlanda|||1|Irska|||0|Irlanda|||1|Irlande|||0
CountryEnum/IRN|http://publications.europa.eu/resource/authority/country/IRN|xs:token|||Iran|||1|Irán|||1|Iranul|||1|Iran|||0|Irão|||1|L'Iran|||0
CountryEnum/IRQ|http://publications.europa.eu/resource/authority/country/IRQ|xs:token|||Iraq|||1|Irak|||1|Irak|||1|Irak|||0|Iraque|||1|Irak|||0
CountryEnum/ISL|http://publications.europa.eu/resource/authority/country/ISL|xs:token|||Iceland|||1|Islandia|||1|Islanda|||1|Islandija|||0|Islândia|||1|Islande|||0
CountryEnum/ISR|http://publications.europa.eu/resource/authority/country/ISR|xs:token|||Israel|||1|Israel|||1|Israel|||1|Izrael|||0|Israel|||1|Israël|||0
CountryEnum/ITA|http://publications.europa.eu/resource/authority/country/ITA|xs:token|||Italy|||1|Italia|||1|Italia|||1|Italija|||0|Itália|||1|Italie|||0
CountryEnum/JAM|http://publications.europa.eu/resource/authority/country/JAM|xs:token|||Jamaica|||1|Jamaica|||1|Jamaica|||1|Jamajka|||0|Jamaica|||1|Jamaïque|||0
CountryEnum/JEY|http://publications.europa.eu/resource/authority/country/JEY|xs:token|||Jersey|||1|Jersey|||1|Jersey|||1|Jersey|||0|Jersey|||1|Jersey|||0
CountryEnum/JOR|http://publications.europa.eu/resource/authority/country/JOR|xs:token|||Jordan|||1|Jordán|||1|Iordania|||1|Jordan|||0|Jordânia|||1|Jordan|||0
CountryEnum/JPN|http://publications.europa.eu/resource/authority/country/JPN|xs:token|||Japan|||1|Japón|||1|Japonia|||1|Japonska|||0|Japão|||1|Japon|||0
CountryEnum/JTN|http://publications.europa.eu/resource/authority/country/JTN|xs:token|||Johnston Island|||1|Isla de Johnston|||1|Insula Johnston|||1|Otok Johnston|||0|Ilha de Johnston|||1|Île de Johnston|||0
CountryEnum/KAZ|http://publications.europa.eu/resource/authority/country/KAZ|xs:token|||Kazakhstan|||1|Kazajstán|||1|Kazahstan|||1|Kazahstan|||0|Cazaquistão|||1|Kazakhstan|||0
CountryEnum/KEN|http://publications.europa.eu/resource/authority/country/KEN|xs:token|||Kenya|||1|Kenia|||1|Kenya|||1|Kenija|||0|Quénia|||1|Kenya|||0
CountryEnum/KGZ|http://publications.europa.eu/resource/authority/country/KGZ|xs:token|||Kyrgyzstan|||1|Kirguistán|||1|Kârgâzstan|||1|Kirgizistan|||0|Quirguistão|||1|Kirghizistan|||0
CountryEnum/KHM|http://publications.europa.eu/resource/authority/country/KHM|xs:token|||Cambodia|||1|Camboya|||1|Cambodgia|||1|Kambodža|||0|Camboja|||1|Cambodge|||0
CountryEnum/KIR|http://publications.europa.eu/resource/authority/country/KIR|xs:token|||Kiribati|||1|Kiribati|||1|Kiribati|||1|Kiribati|||0|Kiribati|||1|Kiribati|||0
CountryEnum/KNA|http://publications.europa.eu/resource/authority/country/KNA|xs:token|||Saint Kitts and Nevis|||1|Saint Kitts y Nevis|||1|Saint Kitts și Nevis|||1|Saint Kitts in Nevis|||0|São Cristóvão e Neves|||1|Saint-Christophe-et-Niévès|||0
CountryEnum/KOR|http://publications.europa.eu/resource/authority/country/KOR|xs:token|||South Korea|||1|Corea del Sur|||1|Coreea de Sud|||1|Južna Koreja|||0|Coreia do Sul|||1|Corée du Sud|||0
CountryEnum/KWT|http://publications.europa.eu/resource/authority/country/KWT|xs:token|||Kuwait|||1|Kuwait|||1|Kuweit|||1|Kuvajt|||0|Kuwait|||1|Koweit|||0
CountryEnum/LAO|http://publications.europa.eu/resource/authority/country/LAO|xs:token|||Laos|||1|Laos|||1|Laos|||1|Laos|||0|Laos|||1|Laos|||0
CountryEnum/LBN|http://publications.europa.eu/resource/authority/country/LBN|xs:token|||Lebanon|||1|Líbano|||1|Liban|||1|Libanon|||0|Líbano|||1|Liban|||0
CountryEnum/LBR|http://publications.europa.eu/resource/authority/country/LBR|xs:token|||Liberia|||1|Liberia|||1|Liberia|||1|Liberija|||0|Libéria|||1|Libéria|||0
CountryEnum/LBY|http://publications.europa.eu/resource/authority/country/LBY|xs:token|||Libya|||1|Libia|||1|Libia|||1|Libija|||0|Líbia|||1|Libye|||0
CountryEnum/LCA|http://publications.europa.eu/resource/authority/country/LCA|xs:token|||Saint Lucia|||1|Santa Lucía|||1|Sfânta Lucia|||1|Sveta Lucija|||0|Santa Lúcia|||1|Sainte-Lucie|||0
CountryEnum/LIE|http://publications.europa.eu/resource/authority/country/LIE|xs:token|||Liechtenstein|||1|Liechtenstein|||1|Liechtenstein|||1|Liechtenstein|||0|Liechtenstein|||1|Liechtenstein|||0
CountryEnum/LKA|http://publications.europa.eu/resource/authority/country/LKA|xs:token|||Sri Lanka|||1|Sri Lanka|||1|Sri Lanka|||1|Šrilanka|||0|Sri Lanka|||1|Sri Lanka|||0
CountryEnum/LSO|http://publications.europa.eu/resource/authority/country/LSO|xs:token|||Lesotho|||1|Lesoto|||1|Lesotho|||1|Lesoto|||0|Lesoto|||1|Lesotho|||0
CountryEnum/LTU|http://publications.europa.eu/resource/authority/country/LTU|xs:token|||Lithuania|||1|Lituania|||1|Lituania|||1|Litva|||0|Lituânia|||1|Lituanie|||0
CountryEnum/LUX|http://publications.europa.eu/resource/authority/country/LUX|xs:token|||Luxembourg|||1|Luxemburgo|||1|Luxemburg|||1|Luksemburg|||0|Luxemburgo|||1|Luxembourg|||0
CountryEnum/LVA|http://publications.europa.eu/resource/authority/country/LVA|xs:token|||Latvia|||1|Letonia|||1|Letonia|||1|Latvija|||0|Letónia|||1|Lettonie|||0
CountryEnum/MAC|http://publications.europa.eu/resource/authority/country/MAC|xs:token|||Macau|||1|Macao|||1|Macao|||1|Macau|||0|Macau|||1|Macau|||0
CountryEnum/MAF|http://publications.europa.eu/resource/authority/country/MAF|xs:token|||Saint Martin|||1|San Martín|||1|Sfântul Martin|||1|Sveti Martin|||0|Ilha de São Martinho|||1|Saint Martin|||0
CountryEnum/MAR|http://publications.europa.eu/resource/authority/country/MAR|xs:token|||Morocco|||1|Marruecos|||1|Maroc|||1|Maroko|||0|Marrocos|||1|Maroc|||0
CountryEnum/MCO|http://publications.europa.eu/resource/authority/country/MCO|xs:token|||Monaco|||1|Mónaco|||1|Monaco|||1|Monako|||0|Mónaco|||1|Monaco|||0
CountryEnum/MDA|http://publications.europa.eu/resource/authority/country/MDA|xs:token|||Moldova|||1|Moldavia|||1|Moldova|||1|Moldavija|||0|Moldávia|||1|Moldavie|||0
CountryEnum/MDG|http://publications.europa.eu/resource/authority/country/MDG|xs:token|||Madagascar|||1|Madagascar|||1|Madagascar|||1|Madagaskar|||0|Madagáscar|||1|Madagascar|||0
CountryEnum/MDV|http://publications.europa.eu/resource/authority/country/MDV|xs:token|||Maldives|||1|Maldivas|||1|Maldive|||1|Maldivi|||0|Maldivas|||1|Maldives|||0
CountryEnum/MEX|http://publications.europa.eu/resource/authority/country/MEX|xs:token|||Mexico|||1|México|||1|Mexic|||1|Mehika|||0|México|||1|Mexique|||0
CountryEnum/MHL|http://publications.europa.eu/resource/authority/country/MHL|xs:token|||Marshall Islands|||1|Islas Marshall|||1|Insulele Marshall|||1|Marshallovi otoki|||0|Ilhas Marshall|||1|Iles Marshall|||0
CountryEnum/MID|http://publications.europa.eu/resource/authority/country/MID|xs:token|||Midway Islands|||1|Islas Midway|||1|Insulele Midway|||1|Midwayski otoki|||0|Ilhas Midway|||1|Îles de Midway|||0
CountryEnum/MKD|http://publications.europa.eu/resource/authority/country/MKD|xs:token|||North Macedonia|||1|Macedonia del Norte|||1|Macedonia de Nord|||1|Severna Makedonija|||0|Macedónia do Norte|||1|Macédoine du Nord|||0
CountryEnum/MLI|http://publications.europa.eu/resource/authority/country/MLI|xs:token|||Mali|||1|Mali|||1|Mali|||1|Mali|||0|Mali|||1|Mali|||0
CountryEnum/MLT|http://publications.europa.eu/resource/authority/country/MLT|xs:token|||Malta|||1|Malta|||1|Malta|||1|Malta|||0|Malta|||1|Malte|||0
CountryEnum/MMR|http://publications.europa.eu/resource/authority/country/MMR|xs:token|||Myanmar/Burma|||1|Myanmar / Birmania|||1|Myanmar/Birmania|||1|Mjanmar/Burma|||0|Myanmar / Birmânia|||1|Myanmar / Birmanie|||0
CountryEnum/MNE|http://publications.europa.eu/resource/authority/country/MNE|xs:token|||Montenegro|||1|Montenegro|||1|Muntenegru|||1|Črna gora|||0|Montenegro|||1|Monténégro|||0
CountryEnum/MNG|http://publications.europa.eu/resource/authority/country/MNG|xs:token|||Mongolia|||1|Mongolia|||1|Mongolia|||1|Mongolija|||0|Mongólia|||1|Mongolie|||0
CountryEnum/MNP|http://publications.europa.eu/resource/authority/country/MNP|xs:token|||Northern Mariana Islands|||1|Islas Marianas del Norte|||1|Insulele Mariane de Nord|||1|Severni Marianski otoki|||0|Ilhas Marianas do Norte|||1|Îles Mariannes du Nord|||0
CountryEnum/MOZ|http://publications.europa.eu/resource/authority/country/MOZ|xs:token|||Mozambique|||1|Mozambique|||1|Mozambic|||1|Mozambik|||0|Moçambique|||1|Mozambique|||0
CountryEnum/MRT|http://publications.europa.eu/resource/authority/country/MRT|xs:token|||Mauritania|||1|Mauritania|||1|Mauritania|||1|Mavretanija|||0|Mauritânia|||1|Mauritanie|||0
CountryEnum/MSR|http://publications.europa.eu/resource/authority/country/MSR|xs:token|||Montserrat|||1|Montserrat|||1|Montserrat|||1|Montserrat|||0|Montserrat|||1|Montserrat|||0
CountryEnum/MTQ|http://publications.europa.eu/resource/authority/country/MTQ|xs:token|||Martinique|||1|Martinica|||1|Martinica|||1|Martinik|||0|Martinica|||1|Martinique|||0
CountryEnum/MUS|http://publications.europa.eu/resource/authority/country/MUS|xs:token|||Mauritius|||1|Mauricio|||1|Mauritius|||1|Mavricij|||0|Ilhas Maurício|||1|Maurice|||0
CountryEnum/MWI|http://publications.europa.eu/resource/authority/country/MWI|xs:token|||Malawi|||1|Malawi|||1|Malawi|||1|Malavi|||0|Malawi|||1|Malawi|||0
CountryEnum/MYS|http://publications.europa.eu/resource/authority/country/MYS|xs:token|||Malaysia|||1|Malasia|||1|Malaezia|||1|Malezija|||0|Malásia|||1|Malaisie|||0
CountryEnum/MYT|http://publications.europa.eu/resource/authority/country/MYT|xs:token|||Mayotte|||1|Mayotte|||1|Mayotte|||1|Mayotte|||0|Mayotte|||1|Mayotte|||0
CountryEnum/NAM|http://publications.europa.eu/resource/authority/country/NAM|xs:token|||Namibia|||1|Namibia|||1|Namibia|||1|Namibija|||0|Namíbia|||1|Namibie|||0
CountryEnum/NCL|http://publications.europa.eu/resource/authority/country/NCL|xs:token|||New Caledonia|||1|Nueva Caledonia|||1|Noua Caledonie|||1|Nova Kaledonija|||0|Nova Caledónia|||1|Nouvelle Calédonie|||0
CountryEnum/NER|http://publications.europa.eu/resource/authority/country/NER|xs:token|||Niger|||1|El Níger|||1|Niger|||1|Niger|||0|Níger|||1|Niger|||0
CountryEnum/NFK|http://publications.europa.eu/resource/authority/country/NFK|xs:token|||Norfolk Island|||1|Isla Norfolk|||1|Insula Norfolk|||1|Otok Norfolk|||0|Ilha de Norfolk|||1|l'ile de Norfolk|||0
CountryEnum/NGA|http://publications.europa.eu/resource/authority/country/NGA|xs:token|||Nigeria|||1|Nigeria|||1|Nigeria|||1|Nigerija|||0|Nigéria|||1|Nigeria|||0
CountryEnum/NHB|http://publications.europa.eu/resource/authority/country/NHB|xs:token|||New Hebrides|||1|Nuevas Hébridas|||1|Noile Hebride|||1|Novi Hebridi|||0|Novas Hébridas|||1|Nouveaux Hebrides|||0
CountryEnum/NIC|http://publications.europa.eu/resource/authority/country/NIC|xs:token|||Nicaragua|||1|Nicaragua|||1|Nicaragua|||1|Nikaragva|||0|Nicarágua|||1|Nicaragua|||0
CountryEnum/NIU|http://publications.europa.eu/resource/authority/country/NIU|xs:token|||Niue|||1|Niue|||1|Niue|||1|Niue|||0|Niue|||1|Nœud|||0
CountryEnum/NLD|http://publications.europa.eu/resource/authority/country/NLD|xs:token|||Netherlands|||1|Países Bajos|||1|Olanda|||1|Nizozemska|||0|Países Baixos|||1|Pays-Bas|||0
CountryEnum/NOR|http://publications.europa.eu/resource/authority/country/NOR|xs:token|||Norway|||1|Noruega|||1|Norvegia|||1|Norveška|||0|Noruega|||1|Norvège|||0
CountryEnum/NPL|http://publications.europa.eu/resource/authority/country/NPL|xs:token|||Nepal|||1|Nepal|||1|Nepal|||1|Nepal|||0|Nepal|||1|Népal|||0
CountryEnum/NRU|http://publications.europa.eu/resource/authority/country/NRU|xs:token|||Nauru|||1|Nauru|||1|Nauru|||1|Nauru|||0|Nauru|||1|Nauru|||0
CountryEnum/NTZ|http://publications.europa.eu/resource/authority/country/NTZ|xs:token|||Neutral Zone|||1|Zona neutral|||1|Zona neutră|||1|Nevtralna cona|||0|Zona neutra|||1|Zone neutre|||0
CountryEnum/NZL|http://publications.europa.eu/resource/authority/country/NZL|xs:token|||New Zealand|||1|Nueva Zelanda|||1|Noua Zeelanda|||1|Nova Zelandija|||0|Nova Zelândia|||1|Nouvelle-Zélande|||0
CountryEnum/OMN|http://publications.europa.eu/resource/authority/country/OMN|xs:token|||Oman|||1|Omán|||1|Oman|||1|Oman|||0|Omã|||1|Oman|||0
CountryEnum/PAK|http://publications.europa.eu/resource/authority/country/PAK|xs:token|||Pakistan|||1|Pakistán|||1|Pakistan|||1|Pakistan|||0|Paquistão|||1|Pakistan|||0
CountryEnum/PAN|http://publications.europa.eu/resource/authority/country/PAN|xs:token|||Panama|||1|Panamá|||1|Panama|||1|Panama|||0|Panamá|||1|Panama|||0
CountryEnum/PCI|http://publications.europa.eu/resource/authority/country/PCI|xs:token|||Trust Territory of the Pacific Islands|||1|Territorio en Fideicomiso de las Islas del Pacífico|||1|Teritoriul Trust al Insulelor Pacificului|||1|Zaupniško ozemlje pacifiških otokov|||0|Protetorado das Ilhas do Pacífico das Nações Unidas|||1|Trust Territoire des îles du Pacifique|||0
CountryEnum/PCN|http://publications.europa.eu/resource/authority/country/PCN|xs:token|||Pitcairn Islands|||1|Islas Pitcairn|||1|Insulele Pitcairn|||1|Otoki Pitcairn|||0|Ilhas de Pitcairn|||1|Îles Pitcairn|||0
CountryEnum/PCZ|http://publications.europa.eu/resource/authority/country/PCZ|xs:token|||Panama Canal Zone|||1|Zona del Canal de Panamá|||1|Zona Canalului Panama|||1|Območje Panamskega prekopa|||0|Zona do Canal do Panamá|||1|Zone du canal de Panama|||0
CountryEnum/PER|http://publications.europa.eu/resource/authority/country/PER|xs:token|||Peru|||1|Perú|||1|Peru|||1|Peru|||0|Peru|||1|Pérou|||0
CountryEnum/PHL|http://publications.europa.eu/resource/authority/country/PHL|xs:token|||Philippines|||1|Filipinas|||1|Filipine|||1|Filipini|||0|Filipinas|||1|Philippines|||0
CountryEnum/PLW|http://publications.europa.eu/resource/authority/country/PLW|xs:token|||Palau|||1|Palau|||1|Palau|||1|Palau|||0|Palau|||1|Palau|||0
CountryEnum/PNG|http://publications.europa.eu/resource/authority/country/PNG|xs:token|||Papua New Guinea|||1|Papúa Nueva Guinea|||1|Papua Noua Guinee|||1|Papua Nova Gvineja|||0|Papua Nova Guiné|||1|Papouasie Nouvelle Guinée|||0
CountryEnum/POL|http://publications.europa.eu/resource/authority/country/POL|xs:token|||Poland|||1|Polonia|||1|Polonia|||1|Poljska|||0|Polónia|||1|Pologne|||0
CountryEnum/PRI|http://publications.europa.eu/resource/authority/country/PRI|xs:token|||Puerto Rico|||1|Puerto Rico|||1|Puerto Rico|||1|Portoriko|||0|Porto Rico|||1|Porto Rico|||0
CountryEnum/PRK|http://publications.europa.eu/resource/authority/country/PRK|xs:token|||North Korea|||1|Corea del Norte|||1|Coreea de Nord|||1|Severna Koreja|||0|Coreia do Norte|||1|Corée du Nord|||0
CountryEnum/PRT|http://publications.europa.eu/resource/authority/country/PRT|xs:token|||Portugal|||1|Portugal|||1|Portugalia|||1|Portugalska|||0|Portugal|||1|le Portugal|||0
CountryEnum/PRY|http://publications.europa.eu/resource/authority/country/PRY|xs:token|||Paraguay|||1|Paraguay|||1|Paraguay|||1|Paragvaj|||0|Paraguai|||1|Paraguay|||0
CountryEnum/PSE|http://publications.europa.eu/resource/authority/country/PSE|xs:token|||Palestine|||1|Palestina|||1|Palestina|||1|Palestina|||0|Palestina|||1|Palestine|||0
CountryEnum/PUS|http://publications.europa.eu/resource/authority/country/PUS|xs:token|||US Miscellaneous Pacific Islands|||1|Diversas islas del Pacífico de los Estados Unidos|||1|Diverse Insulele Pacificului din SUA|||1|Razni pacifiški otoki ZDA|||0|Diversas Ilhas do Pacífico dos Estados Unidos da América|||1|États-Unis diverses îles du Pacifique|||0
CountryEnum/PYF|http://publications.europa.eu/resource/authority/country/PYF|xs:token|||French Polynesia|||1|Polinesia francesa|||1|Polinezia Franceză|||1|Francoska Polinezija|||0|Polinésia Francesa|||1|Polynésie française|||0
CountryEnum/QAT|http://publications.europa.eu/resource/authority/country/QAT|xs:token|||Qatar|||1|Katar|||1|Qatar|||1|Katar|||0|Catar|||1|Qatar|||0
CountryEnum/REU|http://publications.europa.eu/resource/authority/country/REU|xs:token|||Réunion|||1|Reunión|||1|Reuniune|||1|Reunion|||0|Reunião|||1|Réunion|||0
CountryEnum/RHO|http://publications.europa.eu/resource/authority/country/RHO|xs:token|||Southern Rhodesia|||1|Rhodesia del sur|||1|Rhodesia de Sud|||1|Južna Rodezija|||0|Rodésia do sul|||1|Rhodésie du Sud|||0
CountryEnum/ROU|http://publications.europa.eu/resource/authority/country/ROU|xs:token|||Romania|||1|Rumania|||1|România|||1|Romunija|||0|Roménia|||1|Roumanie|||0
CountryEnum/RUS|http://publications.europa.eu/resource/authority/country/RUS|xs:token|||Russia|||1|Rusia|||1|Rusia|||1|Rusija|||0|Rússia|||1|Russie|||0
CountryEnum/RWA|http://publications.europa.eu/resource/authority/country/RWA|xs:token|||Rwanda|||1|Ruanda|||1|Rwanda|||1|Ruanda|||0|Ruanda|||1|Rwanda|||0
CountryEnum/SAU|http://publications.europa.eu/resource/authority/country/SAU|xs:token|||Saudi Arabia|||1|Arabia Saudita|||1|Arabia Saudită|||1|Savdska Arabija|||0|Arábia Saudita|||1|Arabie Saoudite|||0
CountryEnum/SCG|http://publications.europa.eu/resource/authority/country/SCG|xs:token|||Serbia and Montenegro|||1|Serbia y Montenegro|||1|Serbia și Muntenegru|||1|Srbija in Črna gora|||0|Sérvia e Montenegro|||1|Serbie et Monténégro|||0
CountryEnum/SDN|http://publications.europa.eu/resource/authority/country/SDN|xs:token|||Sudan|||1|Sudán|||1|Sudan|||1|Sudan|||0|Sudão|||1|Soudan|||0
CountryEnum/SEN|http://publications.europa.eu/resource/authority/country/SEN|xs:token|||Senegal|||1|Senegal|||1|Senegal|||1|Senegal|||0|Senegal|||1|Sénégal|||0
CountryEnum/SGP|http://publications.europa.eu/resource/authority/country/SGP|xs:token|||Singapore|||1|Singapur|||1|Singapore|||1|Singapur|||0|Singapura|||1|Singapour|||0
CountryEnum/SGS|http://publications.europa.eu/resource/authority/country/SGS|xs:token|||South Georgia and the South Sandwich Islands|||1|Georgia del sur y las islas Sandwich del sur|||1|Georgia de Sud și Insulele Sandwich de Sud|||1|Južna Georgia in Južni Sendvičevi otoki|||0|Geórgia do Sul e Ilhas Sandwich Sul|||1|Géorgie du Sud et les îles Sandwich South|||0
CountryEnum/SHN|http://publications.europa.eu/resource/authority/country/SHN|xs:token|||Saint Helena, Ascension and Tristan da Cunha|||1|San Helena, Ascensión y Tristan da Cunha|||1|Sfânta Elena, Înălțarea Domnului și Tristan da Cunha|||1|Sveta Helena, Vnebovzetje in Tristan da Cunha|||0|Santa Helena, Ascensão e Tristão da Cunha|||1|Sainte-Hélène, Ascension et Tristan da Cunha|||0
CountryEnum/SJM|http://publications.europa.eu/resource/authority/country/SJM|xs:token|||Svalbard and Jan Mayen|||1|Svalbard y Jan Mayen|||1|Svalbard și Jan Mayen|||1|Svalbard in Jan Mayen|||0|Svalbard e Jan Mayen|||1|Svalbard et Jan Mayen|||0
CountryEnum/SKM|http://publications.europa.eu/resource/authority/country/SKM|xs:token|||Sikkim|||1|Sikkim|||1|Sikkim|||1|Sikkim|||0|Sikkim|||1|Sikkim|||0
CountryEnum/SLB|http://publications.europa.eu/resource/authority/country/SLB|xs:token|||Solomon Islands|||1|Islas Salomón|||1|Insulele Solomon|||1|Salomonovi otoki|||0|Ilhas Salomão|||1|Les îles Salomon|||0
CountryEnum/SLE|http://publications.europa.eu/resource/authority/country/SLE|xs:token|||Sierra Leone|||1|Sierra Leona|||1|Sierra Leone|||1|Sierra Leone|||0|Serra Leoa|||1|Sierra Leone|||0
CountryEnum/SLV|http://publications.europa.eu/resource/authority/country/SLV|xs:token|||El Salvador|||1|El Salvador|||1|El Salvador|||1|El Salvador|||0|El Salvador|||1|Le Salvador|||0
CountryEnum/SMR|http://publications.europa.eu/resource/authority/country/SMR|xs:token|||San Marino|||1|San Marino|||1|San Marino|||1|San Marino|||0|São Marino|||1|Saint Marin|||0
CountryEnum/SOM|http://publications.europa.eu/resource/authority/country/SOM|xs:token|||Somalia|||1|Somalia|||1|Somalia|||1|Somalija|||0|Somália|||1|Somalie|||0
CountryEnum/SPM|http://publications.europa.eu/resource/authority/country/SPM|xs:token|||Saint Pierre and Miquelon|||1|Saint Pierre y Miquelon|||1|Saint Pierre și Miquelon|||1|Saint Pierre in Miquelon|||0|São Pedro e Miquelão|||1|Saint-Pierre-et-Miquelon|||0
CountryEnum/SRB|http://publications.europa.eu/resource/authority/country/SRB|xs:token|||Serbia|||1|Serbia|||1|Serbia|||1|Srbija|||0|Sérvia|||1|Serbie|||0
CountryEnum/SSD|http://publications.europa.eu/resource/authority/country/SSD|xs:token|||South Sudan|||1|Sudán del Sur|||1|Sudul Sudanului|||1|Južni Sudan|||0|Sudão do Sul|||1|Soudan du sud|||0
CountryEnum/STP|http://publications.europa.eu/resource/authority/country/STP|xs:token|||São Tomé and Príncipe|||1|Santo Tomé y Príncipe|||1|Sao Tome și Principe|||1|São Tome in Principe|||0|São Tomé e Príncipe|||1|São Tomé et Príncipe|||0
CountryEnum/SUN|http://publications.europa.eu/resource/authority/country/SUN|xs:token|||Soviet Union|||1|Unión Soviética|||1|Uniunea Sovietică|||1|Sovjetska zveza|||0|União Soviética|||1|Union soviétique|||0
CountryEnum/SUR|http://publications.europa.eu/resource/authority/country/SUR|xs:token|||Suriname|||1|Surinam|||1|Surinam|||1|Surinam|||0|Suriname|||1|Suriname|||0
CountryEnum/SVK|http://publications.europa.eu/resource/authority/country/SVK|xs:token|||Slovakia|||1|Eslovaquia|||1|Slovacia|||1|Slovaška|||0|Eslováquia|||1|Slovaquie|||0
CountryEnum/SVN|http://publications.europa.eu/resource/authority/country/SVN|xs:token|||Slovenia|||1|Eslovenia|||1|Slovenia|||1|Slovenija|||0|Eslovénia|||1|Slovénie|||0
CountryEnum/SWE|http://publications.europa.eu/resource/authority/country/SWE|xs:token|||Sweden|||1|Suecia|||1|Suedia|||1|Švedska|||0|Suécia|||1|la Suède|||0
CountryEnum/SWZ|http://publications.europa.eu/resource/authority/country/SWZ|xs:token|||Eswatini|||1|Eswatini|||1|Eswatini|||1|Eswatini|||0|Eswatini|||1|Eswatini|||0
CountryEnum/SXM|http://publications.europa.eu/resource/authority/country/SXM|xs:token|||Sint Maarten|||1|San Martín|||1|Sint Maarten|||1|Sint Maarten|||0|São Martinho|||1|Sint Maarten|||0
CountryEnum/SYC|http://publications.europa.eu/resource/authority/country/SYC|xs:token|||Seychelles|||1|Seychelles|||1|Seychelles|||1|Sejšeli|||0|Seicheles|||1|les Seychelles|||0
CountryEnum/SYR|http://publications.europa.eu/resource/authority/country/SYR|xs:token|||Syria|||1|Siria|||1|Siria|||1|Sirija|||0|Síria|||1|Syrie|||0
CountryEnum/TCA|http://publications.europa.eu/resource/authority/country/TCA|xs:token|||Turks and Caicos Islands|||1|Islas Turcas y Caicos|||1|Insulele Turks și Caicos|||1|Otoki Turks in Caicos|||0|Ilhas Turcas e Caicos|||1|îles Turques-et-Caïques|||0
CountryEnum/TCD|http://publications.europa.eu/resource/authority/country/TCD|xs:token|||Chad|||1|Chad|||1|Ciad|||1|Čad|||0|Chade|||1|Chadre|||0
CountryEnum/TGO|http://publications.europa.eu/resource/authority/country/TGO|xs:token|||Togo|||1|Togo|||1|A merge|||1|Iti|||0|Togo|||1|Aller|||0
CountryEnum/THA|http://publications.europa.eu/resource/authority/country/THA|xs:token|||Thailand|||1|Tailandia|||1|Tailanda|||1|Tajska|||0|Tailândia|||1|Thaïlande|||0
CountryEnum/TJK|http://publications.europa.eu/resource/authority/country/TJK|xs:token|||Tajikistan|||1|Tayikistán|||1|Tadjikistan|||1|Tadžikistan|||0|Tajiquistão|||1|Tadjikistan|||0
CountryEnum/TKL|http://publications.europa.eu/resource/authority/country/TKL|xs:token|||Tokelau|||1|Tokelau|||1|Tokelau|||1|Tokelau|||0|Tokelau|||1|Tokelau|||0
CountryEnum/TKM|http://publications.europa.eu/resource/authority/country/TKM|xs:token|||Turkmenistan|||1|Turkmenistán|||1|Turkmenistan|||1|Turkmenistan|||0|Turquemenistão|||1|Turkménistan|||0
CountryEnum/TLS|http://publications.europa.eu/resource/authority/country/TLS|xs:token|||Timor-Leste|||1|Timor Oriental|||1|Timor-Leste|||1|Vzhodni Timor|||0|Timor-Leste|||1|Timor-late|||0
CountryEnum/TMP|http://publications.europa.eu/resource/authority/country/TMP|xs:token|||East Timor|||1|Timor Portugués|||1|Timorul de Est|||1|Vzhodni Timor|||0|Timor Leste|||1|Timor oriental|||0
CountryEnum/TON|http://publications.europa.eu/resource/authority/country/TON|xs:token|||Tonga|||1|Tonga|||1|Tonga|||1|Tonga|||0|Tonga|||1|Tonga|||0
CountryEnum/TTO|http://publications.europa.eu/resource/authority/country/TTO|xs:token|||Trinidad and Tobago|||1|Trinidad y Tobago|||1|Trinidad și Tobago|||1|Trinidad in Tobago|||0|Trinidad e Tobago|||1|Trinité-et-Tobago|||0
CountryEnum/TUN|http://publications.europa.eu/resource/authority/country/TUN|xs:token|||Tunisia|||1|Túnez|||1|Tunisia|||1|Tunizija|||0|Tunísia|||1|Tunisie|||0
CountryEnum/TUR|http://publications.europa.eu/resource/authority/country/TUR|xs:token|||Turkey|||1|Turquía|||1|Curcan|||1|puran|||0|Turquia|||1|Turquie|||0
CountryEnum/TUV|http://publications.europa.eu/resource/authority/country/TUV|xs:token|||Tuvalu|||1|Tuvalu|||1|Tuvalu|||1|Tuvalu|||0|Tuvalu|||1|Tuvalu|||0
CountryEnum/TWN|http://publications.europa.eu/resource/authority/country/TWN|xs:token|||Taiwan|||1|Taiwán|||1|Taiwan|||1|Tajvan|||0|Taiwan|||1|Taïwan|||0
CountryEnum/TZA|http://publications.europa.eu/resource/authority/country/TZA|xs:token|||Tanzania|||1|Tanzania|||1|Tanzania|||1|Tanzanija|||0|Tanzânia|||1|Tanzanie|||0
CountryEnum/UGA|http://publications.europa.eu/resource/authority/country/UGA|xs:token|||Uganda|||1|Uganda|||1|Uganda|||1|Uganda|||0|Uganda|||1|Ouganda|||0
CountryEnum/UKR|http://publications.europa.eu/resource/authority/country/UKR|xs:token|||Ukraine|||1|Ucrania|||1|Ucraina|||1|Ukrajina|||0|Ucrânia|||1|Ukraine|||0
CountryEnum/UMI|http://publications.europa.eu/resource/authority/country/UMI|xs:token|||United States Minor Outlying Islands|||1|Islas Ultramarinas Menores de los Estados Unidos|||1|Insulele minore periferice ale Statelor Unite|||1|Manjši zunanji otoki Združenih držav Amerike|||0|Ilhas Menores dos Estados Unidos|||1|Îles mineures éloignées des États-Unis|||0
CountryEnum/URY|http://publications.europa.eu/resource/authority/country/URY|xs:token|||Uruguay|||1|Uruguay|||1|Uruguay|||1|Urugvaj|||0|Uruguai|||1|Uruguay|||0
CountryEnum/USA|http://publications.europa.eu/resource/authority/country/USA|xs:token|||United States|||1|Estados Unidos|||1|Statele Unite|||1|Združene države|||0|Estados Unidos|||1|États-Unis|||0
CountryEnum/UZB|http://publications.europa.eu/resource/authority/country/UZB|xs:token|||Uzbekistan|||1|Uzbekistán|||1|Uzbekistan|||1|Uzbekistan|||0|Uzbequistão|||1|Ouzbékistan|||0
CountryEnum/VAT|http://publications.europa.eu/resource/authority/country/VAT|xs:token|||Vatican City State|||1|Estado de la Ciudad del Vaticano|||1|Statul Vatican|||1|Vatikanska mestna država|||0|Estado da cidade do Vaticano|||1|État de Vatican City|||0
CountryEnum/VCT|http://publications.europa.eu/resource/authority/country/VCT|xs:token|||Saint Vincent and the Grenadines|||1|San Vicente y las Granadinas|||1|Saint Vincent și Grenadine|||1|Sveti Vincent in Grenadine|||0|São Vicente e Granadinas|||1|Saint-Vincent-et-les-Grenadines|||0
CountryEnum/VDR|http://publications.europa.eu/resource/authority/country/VDR|xs:token|||Democratic Republic of Vietnam|||1|República Democrática de Vietnam|||1|Republica Democrată Vietnam|||1|Demokratična republika Vietnam|||0|República Democrática do Vietname|||1|République démocratique du Vietnam|||0
CountryEnum/VEN|http://publications.europa.eu/resource/authority/country/VEN|xs:token|||Venezuela|||1|Venezuela|||1|Venezuela|||1|Venezuela|||0|Venezuela|||1|Venezuela|||0
CountryEnum/VGB|http://publications.europa.eu/resource/authority/country/VGB|xs:token|||British Virgin Islands|||1|Islas Vírgenes Británicas|||1|Insulele Virgine Britanice|||1|britanski Deviški otoki|||0|Ilhas Virgens Britânicas|||1|Îles Vierges britanniques|||0
CountryEnum/VIR|http://publications.europa.eu/resource/authority/country/VIR|xs:token|||US Virgin Islands|||1|Islas Vírgenes de EE.UU|||1|Insulele Virgine americane|||1|Ameriški Deviški otoki|||0|Ilhas Virgens dos EUA|||1|Îles Vierges américaines|||0
CountryEnum/VNM|http://publications.europa.eu/resource/authority/country/VNM|xs:token|||Vietnam|||1|Vietnam|||1|Vietnam|||1|Vietnam|||0|Vietname|||1|Vietnam|||0
CountryEnum/VUT|http://publications.europa.eu/resource/authority/country/VUT|xs:token|||Vanuatu|||1|Vanuatu|||1|Vanuatu|||1|Vanuatu|||0|Vanuatu|||1|Vanuatu|||0
CountryEnum/WAK|http://publications.europa.eu/resource/authority/country/WAK|xs:token|||Wake Islands|||1|Islas Wake|||1|Insulele Wake|||1|Wake Islands|||0|Ilhas Wake|||1|Île de réveil|||0
CountryEnum/WLF|http://publications.europa.eu/resource/authority/country/WLF|xs:token|||Wallis and Futuna|||1|Wallis y Futuna|||1|Wallis și Futuna|||1|Wallis in Futuna|||0|Wallis e Futuna|||1|Wallis et Futuna|||0
CountryEnum/WSM|http://publications.europa.eu/resource/authority/country/WSM|xs:token|||Samoa|||1|Samoa|||1|Samoa|||1|Samoa|||0|Samoa|||1|Samoa|||0
CountryEnum/YEM|http://publications.europa.eu/resource/authority/country/YEM|xs:token|||Yemen|||1|Yemen|||1|Yemen|||1|Jemen|||0|Iémen|||1|Yémen|||0
CountryEnum/YMD|http://publications.europa.eu/resource/authority/country/YMD|xs:token|||North Yemen|||1|Yemen de Norte|||1|Yemenul de Nord|||1|Severni Jemen|||0|Iêmen do norte|||1|Yémen nord|||0
CountryEnum/YUG|http://publications.europa.eu/resource/authority/country/YUG|xs:token|||Yugoslavia|||1|Yugoslavia|||1|Iugoslavia|||1|Jugoslavija|||0|Jugoslávia|||1|Yougoslavie|||0
CountryEnum/ZAF|http://publications.europa.eu/resource/authority/country/ZAF|xs:token|||South Africa|||1|Sudáfrica|||1|Africa de Sud|||1|Južna Afrika|||0|África do Sul|||1|Afrique du Sud|||0
CountryEnum/ZMB|http://publications.europa.eu/resource/authority/country/ZMB|xs:token|||Zambia|||1|Zambia|||1|Zambia|||1|Zambija|||0|Zâmbia|||1|Zambie|||0
CountryEnum/ZR0|http://publications.europa.eu/resource/authority/country/ZR0|xs:token|||Zaire|||1|Zaire|||1|Zair|||1|Zair|||0|Zaire|||1|Zaïre|||0
CountryEnum/ZWE|http://publications.europa.eu/resource/authority/country/ZWE|xs:token|||Republic of Zimbabwe|||1|República de Zimbabue|||1|Republica Zimbabwe|||1|Republika Zimbabve|||0|República do Zimbábue|||1|République du Zimbabwe|||0
NUTS0Enum||xs:enumeration||||Eurostat codes for EU Member States according to the Nomenclature of territorial units for statistics (NUTS)||1||Códigos de Eurostat para los Estados miembros de la UE según la Nomenclatura de unidades territoriales estadísticas (NUTS)||1||Codurile Eurostat pentru statele membre ale UE conform Nomenclatorului unităților teritoriale de statistică (NUTS)||0||Eurostatove šifre držav članic EU po nomenklaturi statističnih teritorialnih enot (NUTS)||0||Códigos Eurostat para os Estados-Membros da UE de acordo com a Nomenclatura das unidades territoriais para estatísticas (NUTS)||0||Codes Eurostat pour les États membres de l'UE selon la Nomenclature des unités territoriales statistiques (NUTS)||0
NUTS0Enum/AT||xs:token|||Austria|||1|Austria|||1|Austria|||0|Avstrija|||0|Áustria|||1|L'Autriche|||0
NUTS0Enum/BE||xs:token|||Belgium|||1|Bélgica|||1|Belgia|||0|Belgija|||0|Bélgica|||1|la Belgique|||0
NUTS0Enum/BG||xs:token|||Bulgaria|||1|Bulgaria|||1|Bulgaria|||0|Bolgarija|||0|Bulgária|||1|Bulgarie|||0
CountryEnum/CY||xs:token|||Cyprus|||1|Chipre|||1|Cipru|||1|Ciper|||0|Chipre|||1|Chypre|||0
NUTS0Enum/CZ||xs:token|||Czechia|||1|Chequia|||1|Cehia|||1|Češka|||0|República Checa|||1|Tchechie|||0
NUTS0Enum/DE||xs:token|||Germany|||1|Alemania|||1|Germania|||1|Nemčija|||0|Alemanha|||1|Allemagne|||0
NUTS0Enum/DK||xs:token|||Denmark|||1|Dinamarca|||1|Danemarca|||1|Danska|||0|Dinamarca|||1|Danemark|||0
NUTS0Enum/ES||xs:token|||Spain|||1|España|||1|Spania|||1|Španija|||0|Espanha|||1|Espagne|||0
NUTS0Enum/EE||xs:token|||Estonia|||1|Estonia|||1|Estonia|||1|Estonija|||0|Estónia|||1|Estonie|||0
NUTS0Enum/FI||xs:token|||Finland|||1|Finlandia|||1|Finlanda|||1|Finska|||0|Finlândia|||1|Finlande|||0
NUTS0Enum/FR||xs:token|||France|||1|Francia|||1|Franţa|||1|Francija|||0|França|||1|La France|||0
NUTS0Enum/EL||xs:token|||Greece|||1|Grecia|||1|Grecia|||1|Grčija|||0|Grécia|||1|Grèce|||0
NUTS0Enum/HR||xs:token|||Croatia|||1|Croacia|||1|Croaţia|||1|Hrvaška|||0|Croácia|||1|Croatie|||0
NUTS0Enum/HU||xs:token|||Hungary|||1|Hungría|||1|Ungaria|||1|Madžarska|||0|Hungria|||1|Hongrie|||0
NUTS0Enum/IE||xs:token|||Ireland|||1|Irlanda|||1|Irlanda|||1|Irska|||0|Irlanda|||1|Irlande|||0
NUTS0Enum/IT||xs:token|||Italy|||1|Italia|||1|Italia|||1|Italija|||0|Itália|||1|Italie|||0
NUTS0Enum/LT||xs:token|||Lithuania|||1|Lituania|||1|Lituania|||1|Litva|||0|Lituânia|||1|Lituanie|||0
NUTS0Enum/LU||xs:token|||Luxembourg|||1|Luxemburgo|||1|Luxemburg|||1|Luksemburg|||0|Luxemburgo|||1|Luxembourg|||0
NUTS0Enum/LV||xs:token|||Latvia|||1|Letonia|||1|Letonia|||1|Latvija|||0|Letónia|||1|Lettonie|||0
NUTS0Enum/MT||xs:token|||Malta|||1|Malta|||1|Malta|||1|Malta|||0|Malta|||1|Malte|||0
NUTS0Enum/NL||xs:token|||Netherlands|||1|Países Bajos|||1|Olanda|||1|Nizozemska|||0|Países Baixos|||1|Pays-Bas|||0
NUTS0Enum/PO||xs:token|||Poland|||1|Polonia|||1|Polonia|||1|Poljska|||0|Polónia|||1|Pologne|||0
NUTS0Enum/PT||xs:token|||Portugal|||1|Portugal|||1|Portugalia|||1|Portugalska|||0|Portugal|||1|le Portugal|||0
NUTS0Enum/RO||xs:token|||Romania|||1|Rumania|||1|România|||1|Romunija|||0|Roménia|||1|Roumanie|||0
NUTS0Enum/SK||xs:token|||Slovakia|||1|Eslovaquia|||1|Slovacia|||1|Slovaška|||0|Eslováquia|||1|Slovaquie|||0
NUTS0Enum/SI||xs:token|||Slovenia|||1|Eslovenia|||1|Slovenia|||1|Slovenija|||0|Eslovénia|||1|Slovénie|||0
NUTS0Enum/SE||xs:token|||Sweden|||1|Suecia|||1|Suedia|||1|Švedska|||0|Suécia|||1|la Suède|||0